protocol_version,checkpoints,experiment,instance_formulation,solver_formulation,window_mode,buffer_z,terminal_shortfall,pattern,I,J,K,physical_h1,physical_h2,physical_h3,visits,L1,L2,L3,rep,seed_service,seed_lateness,threads,budget_sec,target_gap,no_rel_heur_time,primal_phase_time,warm_start_mode,path_start_time,path_start_passes,method,status,full_separation,certified,train_obj,validated_obj,validation_status,validation_abs_diff,validation_rel_diff,validation_max_violation,validation_sec,objective_consistent,protocol_pass,objective_per_visit,train_bound,abs_gap,rel_gap,runtime_sec,build_sec,solve_sec,first_feasible_sec,incumbent_trace_json,obj_at_30,bound_at_30,gap_at_30,obj_at_60,bound_at_60,gap_at_60,obj_at_120,bound_at_120,gap_at_120,max_final_violation,callback_calls,accepted_incumbents,cuts_added,seed_cuts,aggregate_cuts,representative_screens,full_scenario_screens,total_scenario_screens,full_scans,representative_rejections,batch_initial,batch_final,cluster_count,repair_attempts,repair_feasible,repair_submissions,best_repaired_objective,primal_phase_sec,primal_phase_candidate,primal_phase_feasible_start,primal_phase_objective,path_start_sec,path_start_objective,path_start_evaluations,path_start_swaps,path_start_timing_moves,accepted_fallback_used,best_accepted_objective,num_vars,num_constrs,num_genconstrs,test_K,test_mean_direct,test_p95_direct,test_direct_exceed_rate,test_mean_indirect,test_p95_indirect,test_indirect_exceed_rate
EJOR-COMPUTATIONAL-PROTOCOL,"30,60,120",section_5_3_algorithm_comparison,I_equals_J_coupled_50_25_25_no_blocks,compact_physical_precedence_lazy_interstage_waiting,distribution_buffer_fixed_shortfall,0.5,0.6,coupled_50_25_25,8,8,100,6,8,6,20,9.4,14.566666666666666,11.066666666666668,0,12065,12066,4,120,0.01,0,0,pathwise_repair,5.0,8,CBBD,STATUS_9,1,0,6.365625416765539,6.365625416765539,PASS,0.0,0.0,0.0,0.0010025501251220703,1,1,0.31828127083827695,0.592938474738375,5.772686942027164,0.9068530684861354,120.24122190475464,0.626622200012207,119.61459970474243,0.202009916305542,"[[0.6471543312072754,8.830504900918127],[10.421220541000366,8.626641260516038],[47.882019996643066,7.665719141807884],[73.8145968914032,7.577792830105892]]",6.365625416765539,0.592938474738375,0.9068530684861354,6.365625416765539,0.592938474738375,0.9068530684861354,6.365625416765539,0.592938474738375,0.9068530684861354,0.0,18,4,3440,3800,14,170,720,890,8,9,2048,2048,10,4,4,4,7.577792830105807,0.0,0,0,nan,0.202009916305542,6.365625416765539,307,14,3,1,7.577792830105892,17064,17001,4000,1000,0.3307905828715508,1.5227326560226122,0.0139,0.0,0.0,0.0
EJOR-COMPUTATIONAL-PROTOCOL,"30,60,120",section_5_3_algorithm_comparison,I_equals_J_coupled_50_25_25_no_blocks,compact_patient_completion_with_cross_stage_precedence,distribution_buffer_fixed_shortfall,0.5,0.6,coupled_50_25_25,8,8,100,6,8,6,20,9.4,14.566666666666666,11.066666666666668,0,12065,12066,4,120,0.01,0,0,complete_natural,0.0,0,DE-MILP,STATUS_9,1,0,6.981675898136993,6.981675898181692,PASS,4.46984671498285e-11,6.402254673762466e-12,1.6209256159527285e-14,0.0010082721710205078,1,1,0.3490837949090846,0.7251359568787528,6.25653994125824,0.896137264539557,115.10454273223877,0.754974365234375,114.3495683670044,0.7644791603088379,"[[0.7644791603088379,8.830504900918127],[10.559738874435425,8.626641260294221],[11.004702806472778,7.8460555492090975],[33.49398422241211,7.670726421080616],[33.49919652938843,7.536872505754431],[34.62498736381531,7.427637506138041],[43.9395592212677,7.4167720682262654],[43.942559242248535,7.307537805006433],[56.800496339797974,7.259029354593082],[57.49419355392456,7.083089744239743],[69.44129991531372,7.083018246602009],[69.44429850578308,7.014173884676524],[115.03821516036987,6.981675898137027]]",7.8460555492090975,0.5931039738602235,0.9244073700293888,7.083089744239743,0.7251359568787528,0.8976243443098454,6.981675898136993,0.7251359568787528,0.896137264539557,0.0,0,0,0,0,0,0,0,0,0,0,0,0,0,0,0,0,nan,0.0,0,0,nan,0.0,nan,0,0,0,0,nan,19464,11587,39600,1000,0.3414334538865231,1.5003121432173052,0.0127,0.01962027298348922,0.09793153380396175,0.0
EJOR-COMPUTATIONAL-PROTOCOL,"30,60,120",section_5_3_algorithm_comparison,I_equals_J_coupled_50_25_25_no_blocks,compact_physical_precedence_lazy_interstage_waiting,distribution_buffer_fixed_shortfall,0.5,0.6,coupled_50_25_25,8,8,100,6,8,6,20,9.4,14.566666666666666,11.066666666666668,0,12065,12066,4,120,0.01,0,0,pathwise_repair,5.0,8,LBBD,STATUS_9,1,0,6.365625416765539,6.365625416765539,PASS,0.0,0.0,0.0,0.0009999275207519531,1,1,0.31828127083827695,0.5929384747383892,5.77268694202715,0.9068530684861332,120.09366655349731,0.6636190414428711,119.43004751205444,0.2183682918548584,"[[0.6796889305114746,8.830504900918127],[10.37224006652832,8.626641260516152],[32.418028354644775,7.662934882352218],[85.659583568573,7.580247323382238]]",6.365625416765539,0.592938474738375,0.9068530684861354,6.365625416765539,0.5929384747383892,0.9068530684861332,6.365625416765539,0.5929384747383892,0.9068530684861332,0.0,17,4,13600,3800,14,0,1500,1500,15,0,2048,2048,0,4,4,4,7.580247323382153,0.0,0,0,nan,0.2183682918548584,6.365625416765539,307,14,3,1,7.580247323382238,17064,17001,4000,1000,0.3307905828715508,1.5227326560226122,0.0139,0.0,0.0,0.0
EJOR-COMPUTATIONAL-PROTOCOL,"30,60,120",section_5_3_algorithm_comparison,I_equals_J_coupled_50_25_25_no_blocks,compact_physical_precedence_lazy_interstage_waiting,distribution_buffer_fixed_shortfall,0.5,0.6,coupled_50_25_25,8,8,100,6,8,6,20,9.4,14.566666666666666,11.066666666666668,1,12165,12166,4,120,0.01,0,0,pathwise_repair,5.0,8,CBBD,STATUS_9,1,0,6.498363820233209,6.498363820233209,PASS,0.0,0.0,0.0,0.0,1,1,0.3249181910116604,0.5889320851614457,5.909431735071763,0.9093722510075912,120.25029587745667,0.6354377269744873,119.61485815048218,0.17265892028808594,"[[0.6504578590393066,8.868894649876822],[11.392590522766113,8.145041526208772],[24.778920650482178,8.010096677826553],[51.45530676841736,7.886871469877477]]",6.498363820233209,0.5889320851614457,0.9093722510075912,6.498363820233209,0.5889320851614457,0.9093722510075912,6.498363820233209,0.5889320851614457,0.9093722510075912,0.0,19,4,2920,3800,14,170,540,710,6,11,2048,2048,10,4,4,4,7.886871469877647,0.0,0,0,nan,0.17265892028808594,6.498363820233209,267,9,3,1,7.886871469877477,17064,17001,4000,1000,0.3332505467270786,1.5253184579617338,0.015,0.0,0.0,0.0
EJOR-COMPUTATIONAL-PROTOCOL,"30,60,120",section_5_3_algorithm_comparison,I_equals_J_coupled_50_25_25_no_blocks,compact_patient_completion_with_cross_stage_precedence,distribution_buffer_fixed_shortfall,0.5,0.6,coupled_50_25_25,8,8,100,6,8,6,20,9.4,14.566666666666666,11.066666666666668,1,12165,12166,4,120,0.01,0,0,complete_natural,0.0,0,DE-MILP,STATUS_9,1,0,6.85904916834334,6.8590491683571315,PASS,1.3791634501103545e-11,2.0107210434834796e-12,5.329070518200751e-15,0.0,1,1,0.3429524584178566,0.6875299684096162,6.171519199933724,0.8997630791768074,115.27795934677124,0.7143290042877197,114.56363034248352,0.7223515510559082,"[[0.7223515510559082,8.868894649876822],[21.18634605407715,8.835816578499404],[21.52206802368164,8.145041526200288],[34.33491039276123,8.141277587543513],[34.336910009384155,7.739932749993599],[36.24306535720825,7.73342794959423],[44.16762685775757,7.733069162138676],[44.17065739631653,7.530385942972032],[46.2084584236145,7.422088246379715],[49.05060648918152,7.27076117562558],[71.29603099822998,7.269596864697547],[71.3000328540802,7.243413107868307],[71.30308151245117,7.117835791215853],[77.21516466140747,7.072118617319418],[81.49286937713623,7.07035086685174],[86.63337922096252,7.069736521807215],[91.10553812980652,7.068655956427662],[91.10753679275513,6.880507138503916],[99.2776837348938,6.87580377160991],[99.27968454360962,6.859049168343375]]",8.145041526200288,0.6875299684096162,0.915589138962886,7.27076117562558,0.6875299684096162,0.9054390658966376,6.85904916834334,0.6875299684096162,0.8997630791768074,0.0,0,0,0,0,0,0,0,0,0,0,0,0,0,0,0,0,nan,0.0,0,0,nan,0.0,nan,0,0,0,0,nan,19464,11587,39600,1000,0.33294733046573183,1.4894597237985518,0.01375,0.04420879741571251,0.3694037358448673,0.0
EJOR-COMPUTATIONAL-PROTOCOL,"30,60,120",section_5_3_algorithm_comparison,I_equals_J_coupled_50_25_25_no_blocks,compact_physical_precedence_lazy_interstage_waiting,distribution_buffer_fixed_shortfall,0.5,0.6,coupled_50_25_25,8,8,100,6,8,6,20,9.4,14.566666666666666,11.066666666666668,1,12165,12166,4,120,0.01,0,0,pathwise_repair,5.0,8,LBBD,STATUS_9,1,0,6.498363820233209,6.498363820233209,PASS,0.0,0.0,0.0,0.0009996891021728516,1,1,0.3249181910116604,0.5889320851614457,5.909431735071763,0.9093722510075912,120.10019588470459,0.6011905670166016,119.49900531768799,0.17987799644470215,"[[0.6167128086090088,8.868894649876822],[11.083288431167603,8.145041526208772],[27.59430193901062,8.010096677826567],[44.71280550956726,7.98120363402613],[50.94532561302185,7.830193675793311]]",6.498363820233209,0.5889320851614457,0.9093722510075912,6.498363820233209,0.5889320851614457,0.9093722510075912,6.498363820233209,0.5889320851614457,0.9093722510075912,0.0,17,5,15800,3800,14,0,1500,1500,15,0,2048,2048,0,5,5,5,7.830193675793467,0.0,0,0,nan,0.17987799644470215,6.498363820233209,267,9,3,1,7.830193675793311,17064,17001,4000,1000,0.3332505467270786,1.5253184579617338,0.015,0.0,0.0,0.0
EJOR-COMPUTATIONAL-PROTOCOL,"30,60,120",section_5_3_algorithm_comparison,I_equals_J_coupled_50_25_25_no_blocks,compact_physical_precedence_lazy_interstage_waiting,distribution_buffer_fixed_shortfall,0.5,0.6,coupled_50_25_25,8,8,100,6,8,6,20,9.4,14.566666666666666,11.066666666666668,2,12265,12266,4,120,0.01,0,0,pathwise_repair,5.0,8,CBBD,STATUS_11,1,0,6.407961721650224,6.40796172165021,PASS,1.4210854715202004e-14,2.2176872042148145e-15,0.0,0.0,1,1,0.3203980860825105,0.590557553172232,5.817404168477992,0.9078400310699504,120.0647521018982,0.6173596382141113,119.44739246368408,0.19124269485473633,"[[0.6344079971313477,8.93140859376136],[12.918511629104614,8.701800480445371],[33.45970273017883,7.582018677472917],[101.18033075332642,7.574111195175107],[104.43936824798584,7.438099510686044],[105.27493810653687,7.239682940582981]]",6.407961721650224,0.590557553172232,0.9078400310699504,6.407961721650224,0.590557553172232,0.9078400310699504,6.407961721650224,0.590557553172232,0.9078400310699504,0.0,20,6,2960,3800,14,190,810,1000,9,10,2048,2048,10,6,6,6,7.2396829405829095,0.0,0,0,nan,0.19124269485473633,6.407961721650224,291,12,3,1,7.239682940582981,17064,17001,4000,1000,0.33932286423559865,1.5802794741083774,0.01555,0.0,0.0,0.0
EJOR-COMPUTATIONAL-PROTOCOL,"30,60,120",section_5_3_algorithm_comparison,I_equals_J_coupled_50_25_25_no_blocks,compact_patient_completion_with_cross_stage_precedence,distribution_buffer_fixed_shortfall,0.5,0.6,coupled_50_25_25,8,8,100,6,8,6,20,9.4,14.566666666666666,11.066666666666668,2,12265,12266,4,120,0.01,0,0,complete_natural,0.0,0,DE-MILP,STATUS_9,1,0,6.757749658323922,6.757749658328379,PASS,4.4568793100552284e-12,6.595212216188692e-13,0.0,0.0010068416595458984,1,1,0.33788748291641896,0.7225176645209459,6.035231993802976,0.8930830970290564,115.10740423202515,0.7062714099884033,114.40113282203674,0.7168276309967041,"[[0.7168276309967041,8.93140859376136],[25.578174114227295,8.911154521004008],[26.093235969543457,8.72205455308584],[27.302568435668945,7.8175102888101975],[31.739641904830933,7.784667071944924],[34.6398663520813,7.688240944972833],[42.409948110580444,7.573870121801164],[43.706690549850464,7.553219445291759],[51.91650986671448,7.548139566805034],[57.9069459438324,7.479039598501259],[57.91151022911072,7.20906381785386],[59.550007581710815,7.196987944138627],[59.55400824546814,7.092476016701099],[62.64393353462219,7.092183925161876],[64.1857373714447,7.086349708355314],[64.18981289863586,6.98701327454026],[69.88763761520386,6.924531989635028],[69.89064311981201,6.874288369196918],[71.49850678443909,6.873919358037455],[73.98598527908325,6.847962538597429],[77.42145347595215,6.844598310631895],[112.0262942314148,6.832245709135094],[112.02980017662048,6.757749658323974]]",7.8175102888101975,0.6650226146540097,0.914931661093442,7.092476016701099,0.7225176645209459,0.898128994328696,6.757749658323922,0.7225176645209459,0.8930830970290564,0.0,0,0,0,0,0,0,0,0,0,0,0,0,0,0,0,0,nan,0.0,0,0,nan,0.0,nan,0,0,0,0,nan,19464,11587,39600,1000,0.33234284989103774,1.5239820975896115,0.0132,0.04554470523962767,0.34594079064614097,0.0
EJOR-COMPUTATIONAL-PROTOCOL,"30,60,120",section_5_3_algorithm_comparison,I_equals_J_coupled_50_25_25_no_blocks,compact_physical_precedence_lazy_interstage_waiting,distribution_buffer_fixed_shortfall,0.5,0.6,coupled_50_25_25,8,8,100,6,8,6,20,9.4,14.566666666666666,11.066666666666668,2,12265,12266,4,120,0.01,0,0,pathwise_repair,5.0,8,LBBD,STATUS_9,1,0,6.407961721650224,6.40796172165021,PASS,1.4210854715202004e-14,2.2176872042148145e-15,0.0,0.0010075569152832031,1,1,0.3203980860825105,0.590557553172232,5.817404168477992,0.9078400310699504,120.11188125610352,0.6253242492675781,119.48655700683594,0.19654011726379395,"[[0.6418395042419434,8.93140859376136],[12.81826663017273,8.701800480445371],[34.140204191207886,7.582018677472874],[44.92025351524353,7.582018676593805],[45.85357737541199,7.5803679199989915],[49.349228382110596,7.493167906529862],[82.89892911911011,7.490967465994842],[82.9164674282074,7.482825108865271],[94.94961476325989,7.464786776858887],[94.96863269805908,7.3712207325937555]]",6.407961721650224,0.590557553172232,0.9078400310699504,6.407961721650224,0.590557553172232,0.9078400310699504,6.407961721650224,0.590557553172232,0.9078400310699504,0.0,19,10,14200,3800,14,0,1900,1900,19,0,2048,2048,0,10,10,10,7.371220732593969,0.0,0,0,nan,0.19654011726379395,6.407961721650224,291,12,3,1,7.3712207325937555,17064,17001,4000,1000,0.33932286423559865,1.5802794741083774,0.01555,0.0,0.0,0.0
EJOR-COMPUTATIONAL-PROTOCOL,"30,60,120",section_5_3_algorithm_comparison,I_equals_J_coupled_50_25_25_no_blocks,compact_physical_precedence_lazy_interstage_waiting,distribution_buffer_fixed_shortfall,0.5,0.6,coupled_50_25_25,8,8,100,6,8,6,20,9.4,14.566666666666666,11.066666666666668,3,12365,12366,4,120,0.01,0,0,pathwise_repair,5.0,8,CBBD,STATUS_9,1,0,6.289657882527379,6.289657882527379,PASS,0.0,0.0,0.0,0.0,1,1,0.314482894126369,0.6216975351021574,5.667960347425222,0.901155587996411,120.22076416015625,0.5966503620147705,119.62411379814148,0.1655139923095703,"[[0.6169149875640869,8.602230492705102],[13.091874837875366,8.247157074004775],[28.408804655075073,7.8162244332330175],[54.57999658584595,7.752624975271843]]",6.289657882527379,0.5886275994988495,0.9064134154046674,6.289657882527379,0.6216975351021574,0.901155587996411,6.289657882527379,0.6216975351021574,0.901155587996411,0.0,16,4,2540,3800,14,150,630,780,7,8,2048,2048,10,4,4,4,7.752624975271743,0.0,0,0,nan,0.1655139923095703,6.289657882527379,275,10,3,1,7.752624975271843,17064,17001,4000,1000,0.3315015948169932,1.5548963099010344,0.01465,0.0,0.0,0.0
EJOR-COMPUTATIONAL-PROTOCOL,"30,60,120",section_5_3_algorithm_comparison,I_equals_J_coupled_50_25_25_no_blocks,compact_patient_completion_with_cross_stage_precedence,distribution_buffer_fixed_shortfall,0.5,0.6,coupled_50_25_25,8,8,100,6,8,6,20,9.4,14.566666666666666,11.066666666666668,3,12365,12366,4,120,0.01,0,0,complete_natural,0.0,0,DE-MILP,STATUS_9,1,0,6.098840880492727,6.098840880532549,PASS,3.9822367625674815e-11,6.529497720261483e-12,0.0,0.0009996891021728516,1,1,0.30494204402662745,0.6895288627790539,5.409312017713673,0.8869409980862878,115.10956072807312,0.7379143238067627,114.37164640426636,0.7464308738708496,"[[0.7464308738708496,8.602230492705102],[22.658987760543823,7.958343048330349],[37.81543946266174,7.913242063672897],[37.818440198898315,7.902115284072977],[37.82143807411194,7.8524402989029625],[40.10612082481384,7.769142291791169],[40.109121322631836,6.771200602578389],[41.634509563446045,6.769486619081661],[41.63650822639465,6.687072823335171],[41.63950991630554,6.577958096375525],[42.824467182159424,6.569318593926667],[42.82746863365173,6.494759997841527],[43.83491492271423,6.49020265270579],[47.41594123840332,6.43025490785854],[54.299335956573486,6.409265988836822],[58.242966413497925,6.393259152139734],[59.804267168045044,6.354387019859686],[64.19328045845032,6.342436797654017],[64.19779014587402,6.1487771075319415],[65.77520823478699,6.148775149597711],[76.81388282775879,6.144080201793116],[76.81744575500488,6.14232611823752],[85.86964988708496,6.142234636286005],[92.30541276931763,6.131744845735071],[92.30950236320496,6.115276173759696],[97.78207540512085,6.111929233739204],[97.78557705879211,6.098840880492759]]",7.958343048330349,0.6785097364270364,0.9147423361488058,6.354387019859686,0.6895288627790539,0.89148774529722,6.098840880492727,0.6895288627790539,0.8869409980862878,0.0,0,0,0,0,0,0,0,0,0,0,0,0,0,0,0,0,nan,0.0,0,0,nan,0.0,nan,0,0,0,0,nan,19464,11587,39600,1000,0.31253704158879175,1.5791960780961678,0.0135,0.04575985420143931,0.36319191332432366,0.0
EJOR-COMPUTATIONAL-PROTOCOL,"30,60,120",section_5_3_algorithm_comparison,I_equals_J_coupled_50_25_25_no_blocks,compact_physical_precedence_lazy_interstage_waiting,distribution_buffer_fixed_shortfall,0.5,0.6,coupled_50_25_25,8,8,100,6,8,6,20,9.4,14.566666666666666,11.066666666666668,3,12365,12366,4,120,0.01,0,0,pathwise_repair,5.0,8,LBBD,STATUS_9,1,0,6.289657882527379,6.289657882527379,PASS,0.0,0.0,0.0,0.001505136489868164,1,1,0.314482894126369,0.615709516194713,5.673948366332667,0.9021076300659931,120.09168887138367,0.5822622776031494,119.50842356681824,0.16288042068481445,"[[0.6012835502624512,8.602230492705102],[13.065195322036743,8.247157074004775],[24.484057903289795,7.8162244332329465],[95.48162865638733,7.40277231883077]]",6.289657882527379,0.615709516194713,0.9021076300659931,6.289657882527379,0.615709516194713,0.9021076300659931,6.289657882527379,0.615709516194713,0.9021076300659931,0.0,13,4,10200,3800,14,0,1300,1300,13,0,2048,2048,0,4,4,4,7.402772318831097,0.0,0,0,nan,0.16288042068481445,6.289657882527379,275,10,3,1,7.40277231883077,17064,17001,4000,1000,0.3315015948169932,1.5548963099010344,0.01465,0.0,0.0,0.0
EJOR-COMPUTATIONAL-PROTOCOL,"30,60,120",section_5_3_algorithm_comparison,I_equals_J_coupled_50_25_25_no_blocks,compact_physical_precedence_lazy_interstage_waiting,distribution_buffer_fixed_shortfall,0.5,0.6,coupled_50_25_25,8,8,100,6,8,6,20,9.4,14.566666666666666,11.066666666666668,4,12465,12466,4,120,0.01,0,0,pathwise_repair,5.0,8,CBBD,STATUS_9,1,0,6.384671610416646,6.384671610416632,PASS,1.4210854715202004e-14,2.2257769204632083e-15,0.0,0.0010001659393310547,1,1,0.3192335805208316,0.5988714805143492,5.785800129902297,0.9062016784798633,120.06955528259277,0.5041708946228027,119.56538438796997,0.15134024620056152,"[[0.5489835739135742,8.538519958465773],[18.296582221984863,8.425053593927416],[35.00084614753723,7.265197560785779],[35.02184700965881,7.237811242484042],[43.02295470237732,7.233089884767196],[44.494083642959595,7.198020326715621],[44.50908327102661,7.171502946749712],[45.42619967460632,7.161749144778284],[81.92599439620972,6.672532953550601],[81.94557857513428,6.642141750798757],[94.00245761871338,6.5453651959707315],[94.02645754814148,6.384671610416646]]",6.5215016326304465,0.5988714805143492,0.9081696955317952,6.5215016326304465,0.5988714805143492,0.9081696955317952,6.384671610416646,0.5988714805143492,0.9062016784798633,0.0,35,12,3560,3800,14,320,1170,1490,13,19,2048,2048,10,12,12,12,6.3846716104166745,0.0,0,0,nan,0.15134024620056152,6.5215016326304465,283,11,3,1,6.384671610416646,17064,17001,4000,1000,0.3196418503751853,1.5045158119950426,0.01285,0.02160325092994037,0.12485466466718265,0.0
EJOR-COMPUTATIONAL-PROTOCOL,"30,60,120",section_5_3_algorithm_comparison,I_equals_J_coupled_50_25_25_no_blocks,compact_patient_completion_with_cross_stage_precedence,distribution_buffer_fixed_shortfall,0.5,0.6,coupled_50_25_25,8,8,100,6,8,6,20,9.4,14.566666666666666,11.066666666666668,4,12465,12466,4,120,0.01,0,0,complete_natural,0.0,0,DE-MILP,STATUS_9,1,0,6.334079119421881,6.334079119434932,PASS,1.305089369907364e-11,2.0604247994044507e-12,0.0,0.0009999275207519531,1,1,0.3167039559717466,0.6002250901551776,5.733854029266704,0.9052387760180108,115.07600259780884,0.7034239768981934,114.37257862091064,0.7125382423400879,"[[0.7125382423400879,8.538519958465773],[8.160824298858643,8.538442004800032],[9.681793928146362,7.265197560779939],[31.118865966796875,7.24624695248194],[32.29944062232971,7.229393773081526],[33.8810019493103,7.227213563741643],[34.68561553955078,7.161416876482818],[36.786882400512695,7.06177014069219],[40.38158559799194,6.772830663870053],[42.626110792160034,6.713589309593928],[43.76086473464966,6.706486573189807],[44.863287687301636,6.7026663311679044],[50.277225732803345,6.6833058369791445],[50.28122663497925,6.631189792694556],[55.33689594268799,6.626012837575047],[55.3408944606781,6.48679967231233],[57.81180953979492,6.450738174995266],[61.70436096191406,6.450328375952779],[61.70888376235962,6.355063910288081],[77.53761172294617,6.3533342807343445],[87.0660445690155,6.351779040880771],[103.33424854278564,6.336233788347286],[115.02649164199829,6.334079119421915]]",7.265197560779939,0.5961422923517858,0.9179454808538217,6.450738174995266,0.6002250901551776,0.906952495377691,6.334079119421881,0.6002250901551776,0.9052387760180108,0.0,0,0,0,0,0,0,0,0,0,0,0,0,0,0,0,0,nan,0.0,0,0,nan,0.0,nan,0,0,0,0,nan,19464,11587,39600,1000,0.31767042095193004,1.4866374261747854,0.01245,0.035106195953800906,0.26186922002006513,0.0
EJOR-COMPUTATIONAL-PROTOCOL,"30,60,120",section_5_3_algorithm_comparison,I_equals_J_coupled_50_25_25_no_blocks,compact_physical_precedence_lazy_interstage_waiting,distribution_buffer_fixed_shortfall,0.5,0.6,coupled_50_25_25,8,8,100,6,8,6,20,9.4,14.566666666666666,11.066666666666668,4,12465,12466,4,120,0.01,0,0,pathwise_repair,5.0,8,LBBD,STATUS_9,1,0,6.327214212318442,6.327214212317571,PASS,8.704148513061227e-13,1.3756683780543314e-13,7.105427357601002e-15,0.0009996891021728516,1,1,0.31636071061587856,0.598710936411365,5.728503275907077,0.9053752700128699,120.08658981323242,0.5048353672027588,119.58175444602966,0.14612102508544922,"[[0.5178337097167969,8.538519958465773],[21.40568733215332,7.2635215523652334],[28.751875400543213,7.2632879487883315],[28.76887559890747,7.204161198909489],[36.62898325920105,7.122300965608531],[36.642982721328735,7.118200260608541],[40.84471583366394,7.026939609437221],[60.9850709438324,6.64990164278052],[72.7457709312439,6.608499128842965],[77.78231883049011,6.5503742647289585],[86.0015161037445,6.543468854465615],[86.0155143737793,6.4549652461746945],[86.03147196769714,6.395061075895427],[86.04647183418274,6.327214212318442]]",6.5215016326304465,0.598710936411365,0.9081943131907375,6.5215016326304465,0.598710936411365,0.9081943131907375,6.327214212318442,0.598710936411365,0.9053752700128699,0.0,33,14,25000,3800,14,0,3000,3000,30,0,2048,2048,0,14,14,14,6.32721421231841,0.0,0,0,nan,0.14612102508544922,6.5215016326304465,283,11,3,1,6.327214212318442,17064,17001,4000,1000,0.3178404382065364,1.4848156609043148,0.01235,0.03915380248779068,0.29613490334905207,0.0
EJOR-COMPUTATIONAL-PROTOCOL,"30,60,120",section_5_3_algorithm_comparison,I_equals_J_coupled_50_25_25_no_blocks,compact_physical_precedence_lazy_interstage_waiting,distribution_buffer_fixed_shortfall,0.5,0.6,coupled_50_25_25,8,8,100,6,8,6,20,9.4,14.566666666666666,11.066666666666668,5,12565,12566,4,120,0.01,0,0,pathwise_repair,5.0,8,CBBD,STATUS_9,1,0,6.1416144878332375,6.141614487833223,PASS,1.4210854715202004e-14,2.3138630311873626e-15,0.0,0.0,1,1,0.3070807243916612,0.589896950821668,5.5517175370115694,0.9039508337766436,120.07578754425049,0.5170581340789795,119.55972909927368,0.15011882781982422,"[[0.5311005115509033,8.33458836081063],[23.15308928489685,6.852293463562788],[37.640130281448364,6.7603544968947205],[37.655129194259644,6.758141023841739],[38.94839549064636,6.744764964303727],[61.91207003593445,6.730418642100119],[92.61520648002625,6.654619727060208]]",6.1416144878332375,0.589896950821668,0.9039508337766436,6.1416144878332375,0.589896950821668,0.9039508337766436,6.1416144878332375,0.589896950821668,0.9039508337766436,0.0,24,7,3580,3800,14,200,810,1010,9,11,2048,2048,10,7,7,7,6.654619727061046,0.0,0,0,nan,0.15011882781982422,6.1416144878332375,291,12,3,1,6.654619727060208,17064,17001,4000,1000,0.34079199819024997,1.5725459310785215,0.01475,0.0,0.0,0.0
EJOR-COMPUTATIONAL-PROTOCOL,"30,60,120",section_5_3_algorithm_comparison,I_equals_J_coupled_50_25_25_no_blocks,compact_patient_completion_with_cross_stage_precedence,distribution_buffer_fixed_shortfall,0.5,0.6,coupled_50_25_25,8,8,100,6,8,6,20,9.4,14.566666666666666,11.066666666666668,5,12565,12566,4,120,0.01,0,0,complete_natural,0.0,0,DE-MILP,STATUS_9,1,0,6.024281846878731,6.024281846922307,PASS,4.3575809627327544e-11,7.233361707601648e-12,0.0,0.0,1,1,0.30121409234611535,0.7660948513502331,5.258186995528498,0.8728321697386788,115.16935920715332,0.576179027557373,114.59318017959595,0.5821785926818848,"[[0.5821785926818848,8.33458836081063],[7.759817123413086,8.278086696125527],[23.676676750183105,7.273163169264322],[36.05741357803345,7.233702060115505],[36.05941343307495,6.965070666663962],[36.061413526535034,6.912059138152969],[38.32329273223877,6.902112908024478],[38.32629036903381,6.854012428254833],[42.8532075881958,6.781537206867867],[45.014814138412476,6.736314852170025],[45.01681447029114,6.708290161645309],[45.019814252853394,6.603457566887826],[47.051498889923096,6.4023887703745],[51.25349235534668,6.39602516807301],[51.26349115371704,6.344073406960732],[60.742769718170166,6.299480357656378],[60.74971842765808,6.266109798180338],[78.60482335090637,6.2620444882124815],[78.60782146453857,6.241458593872153],[81.61949849128723,6.241252908533539],[81.6224946975708,6.2394065313506815],[81.62449431419373,6.167716933082332],[87.82642078399658,6.167179389382952],[87.82842016220093,6.078964678155458],[92.54302406311035,6.076185373317088],[92.55705738067627,6.075933977828171],[92.55927777290344,6.063107843872885],[92.56216788291931,6.061670597906797],[108.91650438308716,6.059618044515901],[115.10831594467163,6.027707717759384],[115.11131596565247,6.024281846878765]]",7.273163169264322,0.7660948513502331,0.8946682710780263,6.344073406960732,0.7660948513502331,0.8792424358599521,6.024281846878731,0.7660948513502331,0.8728321697386788,0.0,0,0,0,0,0,0,0,0,0,0,0,0,0,0,0,0,nan,0.0,0,0,nan,0.0,nan,0,0,0,0,nan,19464,11587,39600,1000,0.3185941545736002,1.5058503179572063,0.01335,0.04151379153334535,0.3181040015558126,0.0
EJOR-COMPUTATIONAL-PROTOCOL,"30,60,120",section_5_3_algorithm_comparison,I_equals_J_coupled_50_25_25_no_blocks,compact_physical_precedence_lazy_interstage_waiting,distribution_buffer_fixed_shortfall,0.5,0.6,coupled_50_25_25,8,8,100,6,8,6,20,9.4,14.566666666666666,11.066666666666668,5,12565,12566,4,120,0.01,0,0,pathwise_repair,5.0,8,LBBD,STATUS_11,1,0,6.1416144878332375,6.141614487833223,PASS,1.4210854715202004e-14,2.3138630311873626e-15,0.0,0.0010001659393310547,1,1,0.3070807243916612,0.589896950821668,5.5517175370115694,0.9039508337766436,117.35715365409851,0.5015599727630615,116.85559368133545,0.15400052070617676,"[[0.5160708427429199,8.33458836081063],[20.63559913635254,6.85229346356283],[31.177693605422974,6.8507119352102706],[33.0273072719574,6.850326128598013],[40.12544059753418,6.850204593031904],[40.13944125175476,6.850202061041058],[77.2541778087616,6.753215741042496]]",6.1416144878332375,0.589896950821668,0.9039508337766436,6.1416144878332375,0.589896950821668,0.9039508337766436,6.1416144878332375,0.589896950821668,0.9039508337766436,0.0,17,7,11400,3800,14,0,1400,1400,14,0,2048,2048,0,7,7,7,6.753215741042865,0.0,0,0,nan,0.15400052070617676,6.1416144878332375,291,12,3,1,6.753215741042496,17064,17001,4000,1000,0.34079199819024997,1.5725459310785215,0.01475,0.0,0.0,0.0
EJOR-COMPUTATIONAL-PROTOCOL,"30,60,120",section_5_3_algorithm_comparison,I_equals_J_coupled_50_25_25_no_blocks,compact_physical_precedence_lazy_interstage_waiting,distribution_buffer_fixed_shortfall,0.5,0.6,coupled_50_25_25,8,8,100,6,8,6,20,9.4,14.566666666666666,11.066666666666668,6,12665,12666,4,120,0.01,0,0,pathwise_repair,5.0,8,CBBD,STATUS_11,1,0,5.93822751806924,5.938227518071656,PASS,2.4158453015843406e-12,4.0682936014699006e-13,0.0,0.0,1,1,0.2969113759035828,0.5794747709127819,5.358752747156458,0.9024162059891581,114.32497930526733,0.4861886501312256,113.83879065513611,0.14121723175048828,"[[0.5242621898651123,8.13005159758877],[10.545267105102539,7.952960420838295],[23.43855309486389,6.952606857537205],[35.555347204208374,6.95184400417692],[36.25945806503296,6.867260547516253],[36.274457931518555,6.86705296830764],[71.07876873016357,6.629430775716941],[71.09386610984802,6.479625968142841],[74.11251068115234,6.428597420900132],[74.12751150131226,6.366747140553684],[74.96161317825317,6.217502753226398],[79.71190047264099,6.167236030313873],[79.7269024848938,6.156170172900332],[88.84131217002869,6.006946570127454],[88.85881924629211,5.98851837799468]]",6.202053500745507,0.5794747709127819,0.9065672731067014,6.202053500745507,0.5794747709127819,0.9065672731067014,5.93822751806924,0.5794747709127819,0.9024162059891581,8.36664071357518e-13,29,15,1740,3800,14,280,1350,1630,15,13,2048,2048,10,15,15,15,5.988518377994907,0.0,0,0,nan,0.14121723175048828,6.202053500745507,275,10,3,0,5.98851837799468,17064,17001,4000,1000,0.3242143904442795,1.5718317255553123,0.01455,0.031923288528051645,0.24108832195384702,0.0
EJOR-COMPUTATIONAL-PROTOCOL,"30,60,120",section_5_3_algorithm_comparison,I_equals_J_coupled_50_25_25_no_blocks,compact_patient_completion_with_cross_stage_precedence,distribution_buffer_fixed_shortfall,0.5,0.6,coupled_50_25_25,8,8,100,6,8,6,20,9.4,14.566666666666666,11.066666666666668,6,12665,12666,4,120,0.01,0,0,complete_natural,0.0,0,DE-MILP,STATUS_9,1,0,6.153952638390368,6.15395263839298,PASS,2.611244553918368e-12,4.243198976910324e-13,0.0,0.0009999275207519531,1,1,0.307697631919649,0.7265815563195978,5.427371082070771,0.881932540106509,115.20723271369934,0.5791923999786377,114.6280403137207,0.5862343311309814,"[[0.5862343311309814,8.13005159758877],[6.053027629852295,8.035873185118461],[7.404656171798706,7.264749370980184],[43.37176156044006,6.936864273464366],[43.943023443222046,6.891526146965532],[46.53795671463013,6.696684088395344],[53.38771343231201,6.6944054537611635],[53.38971257209778,6.618415016372637],[54.12747025489807,6.611330632346792],[56.89402103424072,6.3922790853582825],[65.91469764709473,6.320352472699696],[67.79677629470825,6.318190790843531],[67.79977631568909,6.2979263492699005],[69.4436149597168,6.297659772769222],[69.44661450386047,6.280081999407329],[72.048654794693,6.250160372159968],[76.36414289474487,6.249879764829615],[76.36614227294922,6.2485513421866585],[78.0824842453003,6.248537663077769],[83.8946475982666,6.2461907047783285],[91.16417837142944,6.239817871374285],[93.70666217803955,6.215466402120214],[95.69488835334778,6.210757851434394],[97.60097479820251,6.191618103266336],[100.20312809944153,6.1539526383904075]]",7.264749370980184,0.7158163184080791,0.901467169498306,6.3922790853582825,0.7265815563195978,0.8863345065793738,6.153952638390368,0.7265815563195978,0.881932540106509,0.0,0,0,0,0,0,0,0,0,0,0,0,0,0,0,0,0,nan,0.0,0,0,nan,0.0,nan,0,0,0,0,nan,19464,11587,39600,1000,0.33701440423822704,1.5112182918389467,0.01405,0.0390822932607143,0.3083263846609715,0.0
EJOR-COMPUTATIONAL-PROTOCOL,"30,60,120",section_5_3_algorithm_comparison,I_equals_J_coupled_50_25_25_no_blocks,compact_physical_precedence_lazy_interstage_waiting,distribution_buffer_fixed_shortfall,0.5,0.6,coupled_50_25_25,8,8,100,6,8,6,20,9.4,14.566666666666666,11.066666666666668,6,12665,12666,4,120,0.01,0,0,pathwise_repair,5.0,8,LBBD,STATUS_11,1,0,6.202053500745507,6.202053500745507,PASS,0.0,0.0,0.0,0.0010023117065429688,1,1,0.31010267503727534,0.5794747709127819,5.622578729832725,0.9065672731067014,116.88471722602844,0.4988274574279785,116.38588976860046,0.14255094528198242,"[[0.5118730068206787,8.13005159758877],[10.510502576828003,7.952960420838295],[22.731890439987183,6.952606857537248],[36.43876123428345,6.800720777456519],[53.54422640800476,6.7124230725566605],[55.253525257110596,6.650265994383275]]",6.202053500745507,0.5794747709127819,0.9065672731067014,6.202053500745507,0.5794747709127819,0.9065672731067014,6.202053500745507,0.5794747709127819,0.9065672731067014,0.0,15,6,12000,3800,14,0,1300,1300,13,0,2048,2048,0,6,6,6,6.650265994383176,0.0,0,0,nan,0.14255094528198242,6.202053500745507,275,10,3,1,6.650265994383275,17064,17001,4000,1000,0.3369157997507109,1.5604620332414871,0.01545,0.0,0.0,0.0
EJOR-COMPUTATIONAL-PROTOCOL,"30,60,120",section_5_3_algorithm_comparison,I_equals_J_coupled_50_25_25_no_blocks,compact_physical_precedence_lazy_interstage_waiting,distribution_buffer_fixed_shortfall,0.5,0.6,coupled_50_25_25,8,8,100,6,8,6,20,9.4,14.566666666666666,11.066666666666668,7,12765,12766,4,120,0.01,0,0,pathwise_repair,5.0,8,CBBD,STATUS_11,1,0,6.416302987783581,6.416302987783581,PASS,0.0,0.0,0.0,0.0010001659393310547,1,1,0.32081514938917904,0.5888344858343117,5.827468501949269,0.9082283852624429,111.23816275596619,0.5362591743469238,110.70190358161926,0.1642916202545166,"[[0.5505342483520508,8.895899842356041],[7.135440111160278,8.711762093830899],[33.169742822647095,7.742319883896656],[45.07198476791382,7.6924776824539265],[47.83029842376709,7.56863144013839],[48.64841914176941,7.367896086729985],[50.303860664367676,7.314634440256526],[53.7238929271698,6.895742054854949],[94.47507405281067,6.884983092422544],[94.49507069587708,6.878392591160704],[108.53521752357483,6.874287225265434]]",6.416302987783581,0.5888344858343117,0.9082283852624429,6.416302987783581,0.5888344858343117,0.9082283852624429,6.416302987783581,0.5888344858343117,0.9082283852624429,0.0,31,11,4020,3800,14,300,1260,1560,14,16,2048,2048,10,11,11,11,6.874287225265377,0.0,0,0,nan,0.1642916202545166,6.416302987783581,299,13,3,1,6.874287225265434,17064,17001,4000,1000,0.3316512129773256,1.5469563248989742,0.01375,0.0,0.0,0.0
EJOR-COMPUTATIONAL-PROTOCOL,"30,60,120",section_5_3_algorithm_comparison,I_equals_J_coupled_50_25_25_no_blocks,compact_patient_completion_with_cross_stage_precedence,distribution_buffer_fixed_shortfall,0.5,0.6,coupled_50_25_25,8,8,100,6,8,6,20,9.4,14.566666666666666,11.066666666666668,7,12765,12766,4,120,0.01,0,0,complete_natural,0.0,0,DE-MILP,STATUS_9,1,0,6.424778993331767,6.42477899333754,PASS,5.773159728050814e-12,8.985771703645446e-13,0.0,0.001001119613647461,1,1,0.321238949666877,0.6736192411678629,5.751159752163904,0.8951529318180427,115.1327896118164,0.5778107643127441,114.55497884750366,0.5853297710418701,"[[0.5853297710418701,8.895899842356041],[17.338828086853027,7.7429833001183965],[25.211017847061157,7.614256677810573],[26.103654384613037,7.435146352064521],[26.709773302078247,7.400229602137884],[27.88990569114685,7.3773171749795665],[27.89190649986267,7.349243570956887],[33.13835406303406,7.320904006005492],[33.14135241508484,7.297743235926561],[35.64624762535095,7.284228814640642],[39.363372564315796,7.205665140004143],[44.817835330963135,7.099336491494995],[47.28782105445862,6.987014155720402],[50.763254165649414,6.904376243885707],[53.27148365974426,6.623020180372308],[55.84772872924805,6.555422790321018],[59.51631426811218,6.546145266628386],[61.83290505409241,6.522261988220009],[88.48524594306946,6.5222619872237],[88.48724603652954,6.491091756959406],[98.90265202522278,6.4824747491592944],[98.91761183738708,6.442703778852149],[100.72707295417786,6.441005866120705],[111.96190524101257,6.424778993331785]]",7.349243570956887,0.6523136369474787,0.9112407106051941,6.546145266628386,0.6523515625926686,0.9003456941418191,6.424778993331767,0.6736192411678629,0.8951529318180427,0.0,0,0,0,0,0,0,0,0,0,0,0,0,0,0,0,0,nan,0.0,0,0,nan,0.0,nan,0,0,0,0,nan,19464,11587,39600,1000,0.3172989709343606,1.5007449994315052,0.0122,0.050211864207668745,0.3646777025338871,0.0
EJOR-COMPUTATIONAL-PROTOCOL,"30,60,120",section_5_3_algorithm_comparison,I_equals_J_coupled_50_25_25_no_blocks,compact_physical_precedence_lazy_interstage_waiting,distribution_buffer_fixed_shortfall,0.5,0.6,coupled_50_25_25,8,8,100,6,8,6,20,9.4,14.566666666666666,11.066666666666668,7,12765,12766,4,120,0.01,0,0,pathwise_repair,5.0,8,LBBD,STATUS_9,1,0,6.416302987783581,6.416302987783581,PASS,0.0,0.0,0.0,0.0009992122650146484,1,1,0.32081514938917904,0.5888344858343117,5.827468501949269,0.9082283852624429,120.09495139122009,0.5060455799102783,119.58890581130981,0.15785861015319824,"[[0.5190448760986328,8.895899842356041],[7.020614385604858,8.711762093830899],[25.06119394302368,7.742319883896684],[54.48867225646973,7.695328614643614],[66.10302925109863,7.431700209195327],[66.49746060371399,7.333898285760114],[68.11244463920593,7.32740069607423],[68.14789319038391,7.226482649662472],[68.61744999885559,7.180137979343627],[91.52530336380005,7.154774129687411],[92.663170337677,7.120161810224118],[99.60103392601013,7.072089916153075],[99.61898899078369,6.79257803287139]]",6.416302987783581,0.5888344858343117,0.9082283852624429,6.416302987783581,0.5888344858343117,0.9082283852624429,6.416302987783581,0.5888344858343117,0.9082283852624429,0.0,24,13,11600,3800,14,0,2300,2300,23,0,2048,2048,0,13,13,13,6.792578032871376,0.0,0,0,nan,0.15785861015319824,6.416302987783581,299,13,3,1,6.79257803287139,17064,17001,4000,1000,0.3316512129773256,1.5469563248989742,0.01375,0.0,0.0,0.0
EJOR-COMPUTATIONAL-PROTOCOL,"30,60,120",section_5_3_algorithm_comparison,I_equals_J_coupled_50_25_25_no_blocks,compact_physical_precedence_lazy_interstage_waiting,distribution_buffer_fixed_shortfall,0.5,0.6,coupled_50_25_25,8,8,100,6,8,6,20,9.4,14.566666666666666,11.066666666666668,8,12865,12866,4,120,0.01,0,0,pathwise_repair,5.0,8,CBBD,STATUS_9,1,0,6.205743059029899,6.205743059029899,PASS,0.0,0.0,0.0,0.0009598731994628906,1,1,0.31028715295149495,0.5806968987046588,5.62504616032524,0.906425887572046,120.09868311882019,0.5191159248352051,119.57856798171997,0.14017033576965332,"[[0.5331134796142578,8.470400212937944],[10.382639169692993,8.357020414489625],[30.523017168045044,7.1153718209757955],[42.42276167869568,7.115371820084704],[45.186349630355835,7.097407473907978],[46.351921796798706,7.0198594595419195],[51.65704679489136,7.016034619462104]]",6.205743059029899,0.5806968987046446,0.9064258875720483,6.205743059029899,0.5806968987046588,0.906425887572046,6.205743059029899,0.5806968987046588,0.906425887572046,0.0,29,7,3580,3800,14,280,1080,1360,12,16,2048,2048,10,7,7,7,7.016034619475178,0.0,0,0,nan,0.14017033576965332,6.205743059029899,267,9,3,1,7.016034619462104,17064,17001,4000,1000,0.33386701626570703,1.54083080376302,0.0136,0.0,0.0,0.0
EJOR-COMPUTATIONAL-PROTOCOL,"30,60,120",section_5_3_algorithm_comparison,I_equals_J_coupled_50_25_25_no_blocks,compact_patient_completion_with_cross_stage_precedence,distribution_buffer_fixed_shortfall,0.5,0.6,coupled_50_25_25,8,8,100,6,8,6,20,9.4,14.566666666666666,11.066666666666668,8,12865,12866,4,120,0.01,0,0,complete_natural,0.0,0,DE-MILP,STATUS_9,1,0,6.207179204115244,6.207179204128977,PASS,1.3733014725403336e-11,2.2124405102189122e-12,0.0,0.0009992122650146484,1,1,0.3103589602064488,0.6073168358469129,5.599862368268331,0.9021589653083847,115.0924723148346,0.5775437355041504,114.51492857933044,0.5845444202423096,"[[0.5845444202423096,8.470400212937944],[6.097537994384766,7.335498838406096],[15.581294775009155,7.211767203364289],[34.60345697402954,6.998726932721752],[36.23087239265442,6.917433575731366],[36.233871936798096,6.893234477996799],[36.23587226867676,6.869495875706889],[37.400033950805664,6.8676664118957405],[40.335455656051636,6.718031459583841],[43.30523109436035,6.688606213657579],[43.307231426239014,6.680468889713083],[44.711225509643555,6.6671183742131745],[44.71422576904297,6.495282543413197],[60.37135696411133,6.480767146250997],[82.77358269691467,6.4562731128777955],[85.07810020446777,6.302933758633927],[91.79313349723816,6.266332509124354],[94.01152634620667,6.242939797275454],[97.56024551391602,6.211267162328099],[105.3685736656189,6.210310672194808],[106.81387400627136,6.207179204115292]]",7.211767203364289,0.5806968987046446,0.9194792507398534,6.495282543413197,0.5806968987046588,0.9105971303290666,6.207179204115244,0.6073168358469129,0.9021589653083847,0.0,0,0,0,0,0,0,0,0,0,0,0,0,0,0,0,0,nan,0.0,0,0,nan,0.0,nan,0,0,0,0,nan,19464,11587,39600,1000,0.31880596335753486,1.4711234865019736,0.0122,0.0504375952314014,0.3948861847309286,0.0
EJOR-COMPUTATIONAL-PROTOCOL,"30,60,120",section_5_3_algorithm_comparison,I_equals_J_coupled_50_25_25_no_blocks,compact_physical_precedence_lazy_interstage_waiting,distribution_buffer_fixed_shortfall,0.5,0.6,coupled_50_25_25,8,8,100,6,8,6,20,9.4,14.566666666666666,11.066666666666668,8,12865,12866,4,120,0.01,0,0,pathwise_repair,5.0,8,LBBD,STATUS_11,1,0,6.205743059029899,6.205743059029899,PASS,0.0,0.0,0.0,0.0,1,1,0.31028715295149495,0.5806968987046588,5.62504616032524,0.906425887572046,111.84455013275146,0.4851207733154297,111.35942935943604,0.13840866088867188,"[[0.4986279010772705,8.470400212937944],[10.254258155822754,8.357020414489625],[25.877354383468628,7.115371820975838],[38.59903359413147,7.1153718200876455],[40.313491344451904,7.113607976206495],[41.184264183044434,7.025090155883007],[41.19926357269287,7.024923111817401],[48.72086977958679,6.992384455198348],[48.73687219619751,6.926987046349424],[52.54500198364258,6.89351118139291],[56.338035345077515,6.727271852506831],[88.42994618415833,6.712250024716795],[96.31430292129517,6.695404508024765]]",6.205743059029899,0.5806968987046446,0.9064258875720483,6.205743059029899,0.5806968987046588,0.906425887572046,6.205743059029899,0.5806968987046588,0.906425887572046,0.0,29,13,23384,3800,14,0,2900,2900,29,0,2048,2048,0,13,13,13,6.695404508403726,0.0,0,0,nan,0.13840866088867188,6.205743059029899,267,9,3,1,6.695404508024765,17064,17001,4000,1000,0.33386701626570703,1.54083080376302,0.0136,0.0,0.0,0.0
EJOR-COMPUTATIONAL-PROTOCOL,"30,60,120",section_5_3_algorithm_comparison,I_equals_J_coupled_50_25_25_no_blocks,compact_physical_precedence_lazy_interstage_waiting,distribution_buffer_fixed_shortfall,0.5,0.6,coupled_50_25_25,8,8,100,6,8,6,20,9.4,14.566666666666666,11.066666666666668,9,12965,12966,4,120,0.01,0,0,pathwise_repair,5.0,8,CBBD,STATUS_9,1,0,6.353781120603699,6.353781120603699,PASS,0.0,0.0,0.0,0.0,1,1,0.31768905603018494,0.6296843822229352,5.724096738380764,0.900896116773518,120.06950831413269,0.4902219772338867,119.5792863368988,0.14825129508972168,"[[0.504223108291626,8.955876059378001],[6.649232387542725,8.723028315947545],[22.739970207214355,7.000186276051636],[33.174139738082886,7.000186274860724],[34.21820116043091,6.909279386033802],[36.73788857460022,6.894280695692885],[36.753889322280884,6.887697400056638],[36.76789093017578,6.886303112265152],[37.585878133773804,6.884789570575961],[37.605881452560425,6.873122487891166],[38.659759283065796,6.86542018970917],[40.66028094291687,6.83472814048946],[92.55600142478943,6.825897903662707],[106.3376522064209,6.8257072197810515],[106.3526542186737,6.82124179425746],[106.36765718460083,6.776824442577592]]",6.353781120603699,0.5851578557204841,0.9079039953354757,6.353781120603699,0.5851578557204841,0.9079039953354757,6.353781120603699,0.6296843822229352,0.900896116773518,0.0,45,16,3880,3800,14,420,1800,2220,20,22,2048,2048,10,16,16,16,6.776824442577507,0.0,0,0,nan,0.14825129508972168,6.353781120603699,283,11,3,1,6.776824442577592,17064,17001,4000,1000,0.33601493124449117,1.5950837995053637,0.0144,0.0,0.0,0.0
EJOR-COMPUTATIONAL-PROTOCOL,"30,60,120",section_5_3_algorithm_comparison,I_equals_J_coupled_50_25_25_no_blocks,compact_patient_completion_with_cross_stage_precedence,distribution_buffer_fixed_shortfall,0.5,0.6,coupled_50_25_25,8,8,100,6,8,6,20,9.4,14.566666666666666,11.066666666666668,9,12965,12966,4,120,0.01,0,0,complete_natural,0.0,0,DE-MILP,STATUS_9,1,0,6.657407460933653,6.657407460948235,PASS,1.4582113294636656e-11,2.1903591420795626e-12,0.0,0.001001119613647461,1,1,0.33287037304741174,0.749484603264961,5.907922857668692,0.8874209506233449,115.10698819160461,0.5917859077453613,114.51520228385925,0.601787805557251,"[[0.601787805557251,8.955876059378001],[5.225555419921875,8.946919205794998],[5.538841485977173,8.71188494694431],[7.263881206512451,8.068726628258375],[13.927116870880127,8.048284937216437],[17.479503870010376,8.034579776454152],[19.510544538497925,7.780492671238008],[21.4638454914093,7.330557634116744],[22.347368240356445,7.325762661208017],[22.35036849975586,7.321728522496002],[41.69813060760498,7.299825844329732],[45.50907254219055,7.298474807458774],[45.512073278427124,7.294976029676093],[46.4782555103302,7.230159084856865],[77.71673941612244,7.1399365717782075],[77.719735622406,7.079066521359792],[79.91529417037964,6.998695740425987],[81.26500940322876,6.9581952660250295],[81.26700949668884,6.92746111616097],[85.79147458076477,6.823008541709456],[85.79447388648987,6.706506578450885],[98.589524269104,6.699510635929755],[104.95813941955566,6.694483967288903],[109.06320714950562,6.694330808031481],[109.06620669364929,6.66111782898578],[113.99505972862244,6.66099143095343],[113.99705958366394,6.660952641790132],[113.99905967712402,6.657407460933669]]",7.321728522496002,0.7114969262770726,0.9028239132206283,7.230159084856865,0.7114969262770726,0.9015931851669405,6.657407460933653,0.749484603264961,0.8874209506233449,0.0,0,0,0,0,0,0,0,0,0,0,0,0,0,0,0,0,nan,0.0,0,0,nan,0.0,nan,0,0,0,0,nan,19464,11587,39600,1000,0.31399807833386384,1.4911128910788551,0.01155,0.05445430138291335,0.40408558162335456,0.0
EJOR-COMPUTATIONAL-PROTOCOL,"30,60,120",section_5_3_algorithm_comparison,I_equals_J_coupled_50_25_25_no_blocks,compact_physical_precedence_lazy_interstage_waiting,distribution_buffer_fixed_shortfall,0.5,0.6,coupled_50_25_25,8,8,100,6,8,6,20,9.4,14.566666666666666,11.066666666666668,9,12965,12966,4,120,0.01,0,0,pathwise_repair,5.0,8,LBBD,STATUS_9,1,0,6.353781120603699,6.353781120603699,PASS,0.0,0.0,0.0,0.0010004043579101562,1,1,0.31768905603018494,0.585157855720485,5.768623264883214,0.9079039953354756,120.19692468643188,0.49166274070739746,119.70526194572449,0.14692282676696777,"[[0.5051233768463135,8.955876059378001],[6.687339782714844,8.723028315947545],[21.83088517189026,7.000186276051664],[28.38362717628479,7.0001862750796136],[41.19509267807007,6.989101289349492],[50.11957335472107,6.977525404861709],[65.64108872413635,6.900521184865568],[94.05966377258301,6.896899473723039],[94.07570815086365,6.884948013624722]]",6.353781120603699,0.585157855720485,0.9079039953354756,6.353781120603699,0.585157855720485,0.9079039953354756,6.353781120603699,0.585157855720485,0.9079039953354756,0.0,25,9,16600,3800,14,0,2300,2300,23,0,2048,2048,0,9,9,9,6.884948013625149,0.0,0,0,nan,0.14692282676696777,6.353781120603699,283,11,3,1,6.884948013624722,17064,17001,4000,1000,0.33601493124449117,1.5950837995053637,0.0144,0.0,0.0,0.0
EJOR-COMPUTATIONAL-PROTOCOL,"30,60,120",section_5_3_algorithm_comparison,I_equals_J_coupled_50_25_25_no_blocks,compact_physical_precedence_lazy_interstage_waiting,distribution_buffer_fixed_shortfall,0.5,0.6,coupled_50_25_25,12,12,100,9,12,9,30,15.4,23.23333333333333,18.066666666666666,0,12065,12066,4,120,0.01,0,0,pathwise_repair,5.0,8,CBBD,STATUS_9,1,0,8.752982136189132,8.752982136189132,PASS,0.0,0.0,0.0,0.0,1,1,0.29176607120630443,0.5878874983457933,8.165094637843339,0.9328357479543826,120.13660192489624,1.17885422706604,118.9577476978302,0.5913429260253906,"[[1.1995861530303955,13.924049592132612],[18.37931513786316,13.317286279358584],[61.61530017852783,12.180499889252133],[100.17457413673401,12.165990268058849],[107.35147428512573,11.908484784512922]]",8.752982136189132,0.5878874983457933,0.9328357479543826,8.752982136189132,0.5878874983457933,0.9328357479543826,8.752982136189132,0.5878874983457933,0.9328357479543826,0.0,20,5,4480,5700,21,180,720,900,8,10,2048,2048,10,5,5,5,11.908484784513178,0.0,0,0,nan,0.5913429260253906,8.752982136189132,825,18,10,1,11.908484784512922,25740,25647,6000,1000,0.3293308062879013,1.4612039298095585,0.0116,0.0,0.0,0.0
EJOR-COMPUTATIONAL-PROTOCOL,"30,60,120",section_5_3_algorithm_comparison,I_equals_J_coupled_50_25_25_no_blocks,compact_patient_completion_with_cross_stage_precedence,distribution_buffer_fixed_shortfall,0.5,0.6,coupled_50_25_25,12,12,100,9,12,9,30,15.4,23.23333333333333,18.066666666666666,0,12065,12066,4,120,0.01,0,0,complete_natural,0.0,0,DE-MILP,STATUS_9,1,0,11.806538174770633,11.806538174826443,PASS,5.580957918027707e-11,4.727006202315309e-12,1.4033219031261979e-13,0.0010001659393310547,1,1,0.3935512724942148,0.5878874983457365,11.218650676424897,0.950206615212409,115.40728330612183,1.1344778537750244,114.2728054523468,1.1495168209075928,"[[1.1495168209075928,13.924049592132612],[13.55462646484375,13.279604369364264],[20.601085901260376,12.271264307729965],[57.00739789009094,12.269941161807225],[61.51400017738342,12.104063646601489],[75.0519950389862,12.102138370484283],[75.05795073509216,12.014345215051321],[115.34028434753418,11.938907935318724],[115.34828495979309,11.806538174770694]]",12.271264307729965,0.5878874983457365,0.9520923448796216,12.269941161807225,0.5878874983457365,0.952087178691968,11.806538174770633,0.5878874983457365,0.950206615212409,0.0,0,0,0,0,0,0,0,0,0,0,0,0,0,0,0,0,nan,0.0,0,0,nan,0.0,nan,0,0,0,0,nan,29340,17526,86100,1000,0.39073526827686944,1.5412940183470552,0.015266666666666666,0.00030580591970934723,0.0,0.0
EJOR-COMPUTATIONAL-PROTOCOL,"30,60,120",section_5_3_algorithm_comparison,I_equals_J_coupled_50_25_25_no_blocks,compact_physical_precedence_lazy_interstage_waiting,distribution_buffer_fixed_shortfall,0.5,0.6,coupled_50_25_25,12,12,100,9,12,9,30,15.4,23.23333333333333,18.066666666666666,0,12065,12066,4,120,0.01,0,0,pathwise_repair,5.0,8,LBBD,STATUS_11,1,0,8.752982136189132,8.752982136189132,PASS,0.0,0.0,0.0,0.0010001659393310547,1,1,0.29176607120630443,0.5878874983457933,8.165094637843339,0.9328357479543826,118.54970693588257,1.1550073623657227,117.39469957351685,0.5921123027801514,"[[1.1759614944458008,13.924049592132612],[18.495595693588257,13.317286279358584],[58.34155988693237,11.66553777544273],[97.16113924980164,11.659458386903765]]",8.752982136189132,0.5878874983457933,0.9328357479543826,8.752982136189132,0.5878874983457933,0.9328357479543826,8.752982136189132,0.5878874983457933,0.9328357479543826,0.0,18,4,10000,5700,21,0,1500,1500,15,0,2048,2048,0,4,4,4,11.659458386905612,0.0,0,0,nan,0.5921123027801514,8.752982136189132,825,18,10,1,11.659458386903765,25740,25647,6000,1000,0.3293308062879013,1.4612039298095585,0.0116,0.0,0.0,0.0
EJOR-COMPUTATIONAL-PROTOCOL,"30,60,120",section_5_3_algorithm_comparison,I_equals_J_coupled_50_25_25_no_blocks,compact_physical_precedence_lazy_interstage_waiting,distribution_buffer_fixed_shortfall,0.5,0.6,coupled_50_25_25,12,12,100,9,12,9,30,15.4,23.23333333333333,18.066666666666666,1,12165,12166,4,120,0.01,0,0,pathwise_repair,5.0,8,CBBD,STATUS_11,1,0,8.932107883803155,8.932107883803155,PASS,0.0,0.0,0.0,0.0009984970092773438,1,1,0.29773692946010516,0.5870114231224193,8.345096460680736,0.9342807508867125,114.75396585464478,1.1190285682678223,113.63493728637695,0.5616312026977539,"[[1.1400256156921387,13.665276511307852],[80.96347880363464,12.324492027868288],[101.07446217536926,12.289203646453927],[101.09746193885803,12.168571454714609],[107.72727918624878,12.1479979440048],[109.207266330719,12.131878109370277]]",8.932107883803155,0.5870114231224193,0.9342807508867125,8.932107883803155,0.5870114231224193,0.9342807508867125,8.932107883803155,0.5870114231224193,0.9342807508867125,0.0,17,6,3120,5700,21,170,720,890,8,9,2048,2048,10,6,6,6,12.131878109370177,0.0,0,0,nan,0.5616312026977539,8.932107883803155,762,15,10,1,12.131878109370277,25740,25647,6000,1000,0.3389762563241802,1.4836137701913994,0.012,0.0,0.0,0.0
EJOR-COMPUTATIONAL-PROTOCOL,"30,60,120",section_5_3_algorithm_comparison,I_equals_J_coupled_50_25_25_no_blocks,compact_patient_completion_with_cross_stage_precedence,distribution_buffer_fixed_shortfall,0.5,0.6,coupled_50_25_25,12,12,100,9,12,9,30,15.4,23.23333333333333,18.066666666666666,1,12165,12166,4,120,0.01,0,0,complete_natural,0.0,0,DE-MILP,STATUS_9,1,0,12.548401619075097,12.548401619079925,PASS,4.828137889489881e-12,3.847611860102299e-13,3.552713678800501e-15,0.0010004043579101562,1,1,0.4182800539693308,0.5925579637274154,11.955843655347682,0.9527782117822357,115.28739786148071,1.1290287971496582,114.15937066078186,1.144028902053833,"[[1.144028902053833,13.665276511307852],[6.836083650588989,13.498319095651013],[37.91913890838623,12.68306871417495],[76.24342918395996,12.656391332041437],[80.78103613853455,12.625160880841506],[80.78803610801697,12.620095800948278],[80.79503583908081,12.57396616577401],[88.10486698150635,12.548401619075179]]",12.68306871417495,0.5870114231223909,0.9537169247954692,12.68306871417495,0.5870114231223909,0.9537169247954692,12.548401619075097,0.5925579637274154,0.9527782117822357,0.0,0,0,0,0,0,0,0,0,0,0,0,0,0,0,0,0,nan,0.0,0,0,nan,0.0,nan,0,0,0,0,nan,29340,17526,86100,1000,0.42961682695101844,1.690528290702529,0.01863333333333333,0.0032671559760881186,0.0,0.0
EJOR-COMPUTATIONAL-PROTOCOL,"30,60,120",section_5_3_algorithm_comparison,I_equals_J_coupled_50_25_25_no_blocks,compact_physical_precedence_lazy_interstage_waiting,distribution_buffer_fixed_shortfall,0.5,0.6,coupled_50_25_25,12,12,100,9,12,9,30,15.4,23.23333333333333,18.066666666666666,1,12165,12166,4,120,0.01,0,0,pathwise_repair,5.0,8,LBBD,STATUS_9,1,0,8.932107883803155,8.932107883803155,PASS,0.0,0.0,0.0,0.0,1,1,0.29773692946010516,0.5870114231224477,8.345096460680708,0.9342807508867093,120.0990879535675,1.123365879058838,118.97572207450867,0.5597329139709473,"[[1.144749402999878,13.665276511307852],[64.46067976951599,12.32445013186161],[90.09045958518982,12.206811130437728],[91.97593283653259,12.118138982346565]]",8.932107883803155,0.5870114231224193,0.9342807508867125,8.932107883803155,0.5870114231224193,0.9342807508867125,8.932107883803155,0.5870114231224477,0.9342807508867093,0.0,10,4,6000,5700,21,0,900,900,9,0,2048,2048,0,4,4,4,12.118138982347233,0.0,0,0,nan,0.5597329139709473,8.932107883803155,762,15,10,1,12.118138982346565,25740,25647,6000,1000,0.3389762563241802,1.4836137701913994,0.012,0.0,0.0,0.0
EJOR-COMPUTATIONAL-PROTOCOL,"30,60,120",section_5_3_algorithm_comparison,I_equals_J_coupled_50_25_25_no_blocks,compact_physical_precedence_lazy_interstage_waiting,distribution_buffer_fixed_shortfall,0.5,0.6,coupled_50_25_25,12,12,100,9,12,9,30,15.4,23.23333333333333,18.066666666666666,2,12265,12266,4,120,0.01,0,0,pathwise_repair,5.0,8,CBBD,STATUS_9,1,0,8.15298009259567,8.15298009259567,PASS,0.0,0.0,0.0,0.0009996891021728516,1,1,0.2717660030865223,0.5915161101634112,7.561463982432258,0.9274478652657804,120.10657334327698,1.2197718620300293,118.88680148124695,0.6690115928649902,"[[1.273773193359375,14.186689825681068],[15.238163471221924,13.516089933235648],[66.11965107917786,12.853014939854035],[106.56792855262756,12.852975605040015],[106.61275744438171,12.8359745116136]]",8.15298009259567,0.5915161101634112,0.9274478652657804,8.15298009259567,0.5915161101634112,0.9274478652657804,8.15298009259567,0.5915161101634112,0.9274478652657804,0.0,27,5,4440,5700,21,220,1080,1300,12,10,2048,2048,10,5,5,5,12.8359745116135,0.0,0,0,nan,0.6690115928649902,8.15298009259567,909,22,10,1,12.8359745116136,25740,25647,6000,1000,0.33293639499430927,1.4721970008042882,0.0137,0.0,0.0,0.0
EJOR-COMPUTATIONAL-PROTOCOL,"30,60,120",section_5_3_algorithm_comparison,I_equals_J_coupled_50_25_25_no_blocks,compact_patient_completion_with_cross_stage_precedence,distribution_buffer_fixed_shortfall,0.5,0.6,coupled_50_25_25,12,12,100,9,12,9,30,15.4,23.23333333333333,18.066666666666666,2,12265,12266,4,120,0.01,0,0,complete_natural,0.0,0,DE-MILP,STATUS_9,1,0,12.353404266516254,12.353404266518709,PASS,2.454925152051146e-12,1.9872458628304602e-13,3.552713678800501e-15,0.0009999275207519531,1,1,0.4117801422172903,0.5915161101633544,11.7618881563529,0.9521171575541609,115.09335446357727,1.1499073505401611,113.94344711303711,1.1659111976623535,"[[1.1659111976623535,14.186689825681068],[8.197875022888184,13.777158845131325],[16.925872564315796,13.187732778999447],[38.78071451187134,12.700962115047517],[42.645835638046265,12.664451743294748],[53.54145121574402,12.660862063711676],[53.5474534034729,12.630184215328086],[110.13621878623962,12.610303555646382],[110.14472651481628,12.574026528661477],[110.15272688865662,12.471230193669498],[115.02735161781311,12.353404266516321]]",12.700962115047517,0.5915161101633544,0.9534274565339776,12.630184215328086,0.5915161101633544,0.9531664700942774,12.353404266516254,0.5915161101633544,0.9521171575541609,0.0,0,0,0,0,0,0,0,0,0,0,0,0,0,0,0,0,nan,0.0,0,0,nan,0.0,nan,0,0,0,0,nan,29340,17526,86100,1000,0.4145490382021825,1.646593055256647,0.0179,0.016796948603744352,0.09178953684858467,0.0
EJOR-COMPUTATIONAL-PROTOCOL,"30,60,120",section_5_3_algorithm_comparison,I_equals_J_coupled_50_25_25_no_blocks,compact_physical_precedence_lazy_interstage_waiting,distribution_buffer_fixed_shortfall,0.5,0.6,coupled_50_25_25,12,12,100,9,12,9,30,15.4,23.23333333333333,18.066666666666666,2,12265,12266,4,120,0.01,0,0,pathwise_repair,5.0,8,LBBD,STATUS_9,1,0,8.15298009259567,8.15298009259567,PASS,0.0,0.0,0.0,0.0010411739349365234,1,1,0.2717660030865223,0.6189630713155643,7.534017021280105,0.9240813709483124,120.12803530693054,1.216031789779663,118.91200351715088,0.6481022834777832,"[[1.2370328903198242,14.186689825681068],[15.11474895477295,13.516089933235648],[46.2720513343811,12.853341841642916],[70.29008746147156,12.827737596447022]]",8.15298009259567,0.5915161101634112,0.9274478652657804,8.15298009259567,0.618912299843833,0.9240875982996801,8.15298009259567,0.6189630713155643,0.9240813709483124,0.0,16,4,11400,5700,21,0,1500,1500,15,0,2048,2048,0,4,4,4,12.827737596447207,0.0,0,0,nan,0.6481022834777832,8.15298009259567,909,22,10,1,12.827737596447022,25740,25647,6000,1000,0.33293639499430927,1.4721970008042882,0.0137,0.0,0.0,0.0
EJOR-COMPUTATIONAL-PROTOCOL,"30,60,120",section_5_3_algorithm_comparison,I_equals_J_coupled_50_25_25_no_blocks,compact_physical_precedence_lazy_interstage_waiting,distribution_buffer_fixed_shortfall,0.5,0.6,coupled_50_25_25,12,12,100,9,12,9,30,15.4,23.23333333333333,18.066666666666666,3,12365,12366,4,120,0.01,0,0,pathwise_repair,5.0,8,CBBD,STATUS_9,1,0,8.76840568129964,8.76840568129964,PASS,0.0,0.0,0.0,0.001001119613647461,1,1,0.2922801893766547,0.5881796366771539,8.180226044622486,0.932920572102228,120.09765386581421,1.1075811386108398,118.99007272720337,0.5230264663696289,"[[1.1295311450958252,13.78824054747647],[20.308423042297363,13.075159343253517],[64.63609099388123,12.278979098787559],[79.20766019821167,12.262372244816646],[86.37678027153015,12.236348322152395]]",8.76840568129964,0.5881796366771255,0.9329205721022312,8.76840568129964,0.5881796366771255,0.9329205721022312,8.76840568129964,0.5881796366771539,0.932920572102228,0.0,19,5,3500,5700,21,180,810,990,9,9,2048,2048,10,5,5,5,12.236348322152253,0.0,0,0,nan,0.5230264663696289,8.76840568129964,720,13,10,1,12.236348322152395,25740,25647,6000,1000,0.3400644256515647,1.4840598911981058,0.0131,0.0,0.0,0.0
EJOR-COMPUTATIONAL-PROTOCOL,"30,60,120",section_5_3_algorithm_comparison,I_equals_J_coupled_50_25_25_no_blocks,compact_patient_completion_with_cross_stage_precedence,distribution_buffer_fixed_shortfall,0.5,0.6,coupled_50_25_25,12,12,100,9,12,9,30,15.4,23.23333333333333,18.066666666666666,3,12365,12366,4,120,0.01,0,0,complete_natural,0.0,0,DE-MILP,STATUS_9,1,0,12.305947783927039,12.305947783993616,PASS,6.657785434072139e-11,5.410217523214214e-12,4.440892098500626e-14,0.0010008811950683594,1,1,0.4101982594664539,0.588179636677097,11.717768147249942,0.9522036297403011,115.12573146820068,1.1212916374206543,114.00443983078003,1.1372969150543213,"[[1.1372969150543213,13.78824054747647],[9.061223983764648,13.497002946898732],[17.103022575378418,12.605587452490113],[57.591965198516846,12.494738772477618],[57.59796452522278,12.30594778392711]]",12.605587452490113,0.588179636677097,0.9533397678692945,12.30594778392711,0.588179636677097,0.9522036297403015,12.305947783927039,0.588179636677097,0.9522036297403011,0.0,0,0,0,0,0,0,0,0,0,0,0,0,0,0,0,0,nan,0.0,0,0,nan,0.0,nan,0,0,0,0,nan,29340,17526,86100,1000,0.41280069039001765,1.6370732370668906,0.017766666666666667,0.00012428501369871035,0.0,0.0
EJOR-COMPUTATIONAL-PROTOCOL,"30,60,120",section_5_3_algorithm_comparison,I_equals_J_coupled_50_25_25_no_blocks,compact_physical_precedence_lazy_interstage_waiting,distribution_buffer_fixed_shortfall,0.5,0.6,coupled_50_25_25,12,12,100,9,12,9,30,15.4,23.23333333333333,18.066666666666666,3,12365,12366,4,120,0.01,0,0,pathwise_repair,5.0,8,LBBD,STATUS_9,1,0,8.76840568129964,8.76840568129964,PASS,0.0,0.0,0.0,0.00099945068359375,1,1,0.2922801893766547,0.5881796366771539,8.180226044622486,0.932920572102228,120.20413994789124,1.0941095352172852,119.11003041267395,0.5300681591033936,"[[1.115288496017456,13.78824054747647],[20.329208850860596,13.075159343253517],[82.88289761543274,12.606899463288869],[85.96614050865173,12.517022014431959],[89.44704127311707,12.500776394590716],[98.96770763397217,12.33507604893856],[98.99166202545166,12.331458143876688]]",8.76840568129964,0.5881796366771255,0.9329205721022312,8.76840568129964,0.5881796366771255,0.9329205721022312,8.76840568129964,0.5881796366771539,0.932920572102228,0.0,19,7,8000,5700,21,0,1800,1800,18,0,2048,2048,0,7,7,7,12.331458143876631,0.0,0,0,nan,0.5300681591033936,8.76840568129964,720,13,10,1,12.331458143876688,25740,25647,6000,1000,0.3400644256515647,1.4840598911981058,0.0131,0.0,0.0,0.0
EJOR-COMPUTATIONAL-PROTOCOL,"30,60,120",section_5_3_algorithm_comparison,I_equals_J_coupled_50_25_25_no_blocks,compact_physical_precedence_lazy_interstage_waiting,distribution_buffer_fixed_shortfall,0.5,0.6,coupled_50_25_25,12,12,100,9,12,9,30,15.4,23.23333333333333,18.066666666666666,4,12465,12466,4,120,0.01,0,0,pathwise_repair,5.0,8,CBBD,STATUS_9,1,0,9.041254129110058,9.041254129110058,PASS,0.0,0.0,0.0,0.0,1,1,0.3013751376370019,0.5907467685594554,8.450507360550603,0.9346609706879677,120.11691880226135,1.2410640716552734,118.87585473060608,0.6494646072387695,"[[1.2615745067596436,14.322166340740324],[18.062264442443848,13.652655051683965],[64.04387593269348,12.679903167017386],[86.8916847705841,12.678321812727532],[91.38709139823914,12.677709513236294],[91.41778612136841,12.677356902939678],[91.44143629074097,12.676625098369584]]",9.041254129110058,0.5907467685594554,0.9346609706879677,9.041254129110058,0.5907467685594554,0.9346609706879677,9.041254129110058,0.5907467685594554,0.9346609706879677,0.0,21,7,3760,5700,21,190,990,1180,11,8,2048,2048,10,7,7,7,12.676625098369442,0.0,0,0,nan,0.6494646072387695,9.041254129110058,885,21,8,1,12.676625098369584,25740,25647,6000,1000,0.33103496737576776,1.4807784264418786,0.0126,0.00023101443028387397,0.0,0.0
EJOR-COMPUTATIONAL-PROTOCOL,"30,60,120",section_5_3_algorithm_comparison,I_equals_J_coupled_50_25_25_no_blocks,compact_patient_completion_with_cross_stage_precedence,distribution_buffer_fixed_shortfall,0.5,0.6,coupled_50_25_25,12,12,100,9,12,9,30,15.4,23.23333333333333,18.066666666666666,4,12465,12466,4,120,0.01,0,0,complete_natural,0.0,0,DE-MILP,STATUS_9,1,0,11.710357097319832,11.7103570971951,PASS,1.247322245490068e-10,1.065144499981841e-11,3.552713678800501e-15,0.0010001659393310547,1,1,0.39034523657317,0.5907467685594554,11.119610328760377,0.9495534795694095,115.15012574195862,1.1139976978302002,114.03612804412842,1.1309969425201416,"[[1.1309969425201416,14.322166340740324],[9.402555465698242,13.936221804229078],[17.15411400794983,12.981494623316252],[44.861507415771484,12.378693137092029],[104.09123921394348,12.007950996043334],[112.20689344406128,11.993778661441581],[112.21289348602295,11.84510052818176],[112.21989417076111,11.7103570973199]]",12.981494623316252,0.5907467685594554,0.954493162328288,12.378693137092029,0.5907467685594554,0.9522771295792674,11.710357097319832,0.5907467685594554,0.9495534795694095,0.0,0,0,0,0,0,0,0,0,0,0,0,0,0,0,0,0,nan,0.0,0,0,nan,0.0,nan,0,0,0,0,nan,29340,17526,86100,1000,0.374587112931633,1.5044896421444818,0.013566666666666666,0.014705750209563856,0.0,0.0
EJOR-COMPUTATIONAL-PROTOCOL,"30,60,120",section_5_3_algorithm_comparison,I_equals_J_coupled_50_25_25_no_blocks,compact_physical_precedence_lazy_interstage_waiting,distribution_buffer_fixed_shortfall,0.5,0.6,coupled_50_25_25,12,12,100,9,12,9,30,15.4,23.23333333333333,18.066666666666666,4,12465,12466,4,120,0.01,0,0,pathwise_repair,5.0,8,LBBD,STATUS_9,1,0,9.041254129110058,9.041254129110058,PASS,0.0,0.0,0.0,0.0009992122650146484,1,1,0.3013751376370019,0.5907467685594554,8.450507360550603,0.9346609706879677,120.10140872001648,1.1994974613189697,118.90191125869751,0.6395039558410645,"[[1.2194981575012207,14.322166340740324],[18.033004999160767,13.652655051683965],[66.82545948028564,12.6799031670174],[93.04128813743591,12.617206304652257]]",9.041254129110058,0.5907467685594554,0.9346609706879677,9.041254129110058,0.5907467685594554,0.9346609706879677,9.041254129110058,0.5907467685594554,0.9346609706879677,0.0,15,4,8400,5700,21,0,1400,1400,14,0,2048,2048,0,4,4,4,12.617206304653138,0.0,0,0,nan,0.6395039558410645,9.041254129110058,885,21,8,1,12.617206304652257,25740,25647,6000,1000,0.33103496737576776,1.4807784264418786,0.0126,0.00023101443028387397,0.0,0.0
EJOR-COMPUTATIONAL-PROTOCOL,"30,60,120",section_5_3_algorithm_comparison,I_equals_J_coupled_50_25_25_no_blocks,compact_physical_precedence_lazy_interstage_waiting,distribution_buffer_fixed_shortfall,0.5,0.6,coupled_50_25_25,12,12,100,9,12,9,30,15.4,23.23333333333333,18.066666666666666,5,12565,12566,4,120,0.01,0,0,pathwise_repair,5.0,8,CBBD,STATUS_11,1,0,9.032391985722938,9.032391985722938,PASS,0.0,0.0,0.0,0.0009999275207519531,1,1,0.3010797328574313,0.5888576711320468,8.443534314590892,0.9348060101839218,111.43474411964417,1.2051877975463867,110.22955632209778,0.6086089611053467,"[[1.2261874675750732,14.022514336702415],[18.63650417327881,13.427002106258016],[70.1610996723175,13.165380516825437],[82.68244862556458,13.11173058857386],[89.63714027404785,12.964279467131362],[95.19508528709412,12.926823049740264],[99.98419952392578,12.46406632292846],[103.92901992797852,12.451954849135163]]",9.032391985722938,0.5888576711320468,0.9348060101839218,9.032391985722938,0.5888576711320468,0.9348060101839218,9.032391985722938,0.5888576711320468,0.9348060101839218,0.0,22,8,3180,5700,21,190,990,1180,11,8,2048,2048,10,8,8,8,12.451954849135348,0.0,0,0,nan,0.6086089611053467,9.032391985722938,843,19,8,1,12.451954849135163,25740,25647,6000,1000,0.3301775731303355,1.487887347796956,0.012166666666666666,0.00023703195813971708,0.0,0.0
EJOR-COMPUTATIONAL-PROTOCOL,"30,60,120",section_5_3_algorithm_comparison,I_equals_J_coupled_50_25_25_no_blocks,compact_patient_completion_with_cross_stage_precedence,distribution_buffer_fixed_shortfall,0.5,0.6,coupled_50_25_25,12,12,100,9,12,9,30,15.4,23.23333333333333,18.066666666666666,5,12565,12566,4,120,0.01,0,0,complete_natural,0.0,0,DE-MILP,STATUS_9,1,0,12.330711254592838,12.330711254635474,PASS,4.263611685928481e-11,3.457717562176849e-12,1.9539925233402755e-14,0.0010020732879638672,1,1,0.41102370848784914,0.5888576711318478,11.74185358346099,0.9522446305834535,115.67640781402588,1.1209392547607422,114.55546855926514,1.136979103088379,"[[1.136979103088379,14.022514336702415],[14.657934665679932,13.103274295278396],[94.7647430896759,12.73169124529889],[96.93310141563416,12.563119114294139],[102.10971522331238,12.378439959124762],[109.59824442863464,12.37497343840981],[109.60424375534058,12.36894044941377],[109.61124420166016,12.330711254592899]]",13.103274295278396,0.5888576711318478,0.955060265254156,13.103274295278396,0.5888576711318478,0.955060265254156,12.330711254592838,0.5888576711318478,0.9522446305834535,0.0,0,0,0,0,0,0,0,0,0,0,0,0,0,0,0,0,nan,0.0,0,0,nan,0.0,nan,0,0,0,0,nan,29340,17526,86100,1000,0.40221791815454455,1.6167921189964776,0.015033333333333333,0.00012314136701835446,0.0,0.0
EJOR-COMPUTATIONAL-PROTOCOL,"30,60,120",section_5_3_algorithm_comparison,I_equals_J_coupled_50_25_25_no_blocks,compact_physical_precedence_lazy_interstage_waiting,distribution_buffer_fixed_shortfall,0.5,0.6,coupled_50_25_25,12,12,100,9,12,9,30,15.4,23.23333333333333,18.066666666666666,5,12565,12566,4,120,0.01,0,0,pathwise_repair,5.0,8,LBBD,STATUS_11,1,0,9.032391985722938,9.032391985722938,PASS,0.0,0.0,0.0,0.0010001659393310547,1,1,0.3010797328574313,0.5888576711320468,8.443534314590892,0.9348060101839218,112.41676807403564,1.177525520324707,111.23924255371094,0.6190125942230225,"[[1.1985259056091309,14.022514336702415],[18.530089139938354,13.427002106258016],[87.61716818809509,13.103274295281224],[93.7832543849945,13.047227816171144],[93.80825424194336,12.81064533745166]]",9.032391985722938,0.5888576711320468,0.9348060101839218,9.032391985722938,0.5888576711320468,0.9348060101839218,9.032391985722938,0.5888576711320468,0.9348060101839218,0.0,14,5,10400,5700,21,0,1400,1400,14,0,2048,2048,0,5,5,5,12.810645337453195,0.0,0,0,nan,0.6190125942230225,9.032391985722938,843,19,8,1,12.81064533745166,25740,25647,6000,1000,0.3301775731303355,1.487887347796956,0.012166666666666666,0.00023703195813971708,0.0,0.0
EJOR-COMPUTATIONAL-PROTOCOL,"30,60,120",section_5_3_algorithm_comparison,I_equals_J_coupled_50_25_25_no_blocks,compact_physical_precedence_lazy_interstage_waiting,distribution_buffer_fixed_shortfall,0.5,0.6,coupled_50_25_25,12,12,100,9,12,9,30,15.4,23.23333333333333,18.066666666666666,6,12665,12666,4,120,0.01,0,0,pathwise_repair,5.0,8,CBBD,STATUS_11,1,0,8.90840752979068,8.90840752979068,PASS,0.0,0.0,0.0,0.0009529590606689453,1,1,0.29694691765968934,0.5770995772564333,8.331307952534246,0.9352185477228618,110.7096176147461,1.0810949802398682,109.62852263450623,0.5048048496246338,"[[1.1010942459106445,13.467974570878763],[25.375218391418457,12.925014563880865]]",8.90840752979068,0.5770995772564333,0.9352185477228618,8.90840752979068,0.5770995772564333,0.9352185477228618,8.90840752979068,0.5770995772564333,0.9352185477228618,0.0,12,2,1926,5700,21,110,540,650,6,5,2048,2048,10,2,2,2,12.925014563909627,0.0,0,0,nan,0.5048048496246338,8.90840752979068,696,12,8,1,12.925014563880865,25740,25647,6000,1000,0.32459975754650067,1.4520093147271418,0.011666666666666667,0.00022260541347254165,0.0,0.0
EJOR-COMPUTATIONAL-PROTOCOL,"30,60,120",section_5_3_algorithm_comparison,I_equals_J_coupled_50_25_25_no_blocks,compact_patient_completion_with_cross_stage_precedence,distribution_buffer_fixed_shortfall,0.5,0.6,coupled_50_25_25,12,12,100,9,12,9,30,15.4,23.23333333333333,18.066666666666666,6,12665,12666,4,120,0.01,0,0,complete_natural,0.0,0,DE-MILP,STATUS_9,1,0,11.721545839924538,11.721545839925625,PASS,1.0871303857129533e-12,9.274633231480425e-14,3.552713678800501e-15,0.0009999275207519531,1,1,0.3907181946641875,0.5770995772563481,11.14444626266819,0.9507659155935986,115.36140942573547,1.1136045455932617,114.24780488014221,1.1295607089996338,"[[1.1295607089996338,13.467974570878763],[17.981218814849854,13.43744412695851],[24.041194200515747,12.45269145964869],[52.4253671169281,12.354234430952914],[54.512468576431274,12.351931554879172],[56.0191867351532,12.161733075027257],[61.16687893867493,11.867769147809412],[65.32676529884338,11.75997758745875],[110.74540424346924,11.721545839924602]]",12.45269145964869,0.5770995772563481,0.9536566388779194,12.161733075027257,0.5770995772563481,0.9525479161813413,11.721545839924538,0.5770995772563481,0.9507659155935986,0.0,0,0,0,0,0,0,0,0,0,0,0,0,0,0,0,0,nan,0.0,0,0,nan,0.0,nan,0,0,0,0,nan,29340,17526,86100,1000,0.3978105762722245,1.5783086954425705,0.015633333333333332,0.007357996806154936,0.0,0.0
EJOR-COMPUTATIONAL-PROTOCOL,"30,60,120",section_5_3_algorithm_comparison,I_equals_J_coupled_50_25_25_no_blocks,compact_physical_precedence_lazy_interstage_waiting,distribution_buffer_fixed_shortfall,0.5,0.6,coupled_50_25_25,12,12,100,9,12,9,30,15.4,23.23333333333333,18.066666666666666,6,12665,12666,4,120,0.01,0,0,pathwise_repair,5.0,8,LBBD,STATUS_11,1,0,8.90840752979068,8.90840752979068,PASS,0.0,0.0,0.0,0.0009968280792236328,1,1,0.29694691765968934,0.5770995772564333,8.331307952534246,0.9352185477228618,120.0690529346466,1.0838673114776611,118.98518562316895,0.5118796825408936,"[[1.1048669815063477,13.467974570878763],[25.298044204711914,12.925014563880865]]",8.90840752979068,0.5770995772564333,0.9352185477228618,8.90840752979068,0.5770995772564333,0.9352185477228618,8.90840752979068,0.5770995772564333,0.9352185477228618,0.0,9,2,8238,5700,21,0,800,800,8,0,2048,2048,0,2,2,2,12.92501456390977,0.0,0,0,nan,0.5118796825408936,8.90840752979068,696,12,8,1,12.925014563880865,25740,25647,6000,1000,0.32459975754650067,1.4520093147271418,0.011666666666666667,0.00022260541347254165,0.0,0.0
EJOR-COMPUTATIONAL-PROTOCOL,"30,60,120",section_5_3_algorithm_comparison,I_equals_J_coupled_50_25_25_no_blocks,compact_physical_precedence_lazy_interstage_waiting,distribution_buffer_fixed_shortfall,0.5,0.6,coupled_50_25_25,12,12,100,9,12,9,30,15.4,23.23333333333333,18.066666666666666,7,12765,12766,4,120,0.01,0,0,pathwise_repair,5.0,8,CBBD,STATUS_11,1,0,9.162171782050649,9.162171782050649,PASS,0.0,0.0,0.0,0.0010008811950683594,1,1,0.305405726068355,0.5863567743090243,8.575815007741625,0.9360024251610585,110.05986166000366,1.2085916996002197,108.85126996040344,0.6223142147064209,"[[1.229543685913086,13.402956212644554],[20.863418102264404,12.920533898072023],[63.613157749176025,12.265577510134548]]",9.162171782050649,0.5863567743090243,0.9360024251610585,9.162171782050649,0.5863567743090243,0.9360024251610585,9.162171782050649,0.5863567743090243,0.9360024251610585,0.0,15,3,2720,5700,21,150,810,960,9,6,2048,2048,10,3,3,3,12.265577510135472,0.0,0,0,nan,0.6223142147064209,9.162171782050649,864,20,10,1,12.265577510134548,25740,25647,6000,1000,0.3471586274860803,1.5130892298678547,0.014466666666666666,1.8647643596977225e-06,0.0,0.0
EJOR-COMPUTATIONAL-PROTOCOL,"30,60,120",section_5_3_algorithm_comparison,I_equals_J_coupled_50_25_25_no_blocks,compact_patient_completion_with_cross_stage_precedence,distribution_buffer_fixed_shortfall,0.5,0.6,coupled_50_25_25,12,12,100,9,12,9,30,15.4,23.23333333333333,18.066666666666666,7,12765,12766,4,120,0.01,0,0,complete_natural,0.0,0,DE-MILP,STATUS_9,1,0,11.302521049399793,11.302521049416441,PASS,1.6648016298859147e-11,1.472947161617425e-12,7.327471962526033e-15,0.0,1,1,0.3767507016472147,0.5863567743090528,10.71616427509074,0.9481215941340635,115.32508873939514,1.1215758323669434,114.2035129070282,1.1375768184661865,"[[1.1375768184661865,13.402956212644554],[15.585795402526855,12.9591630225205],[21.91607975959778,12.279940322614237],[45.04919123649597,12.149434859351373],[59.83957099914551,11.935352714988596],[61.160672664642334,11.772786504337631],[65.72723507881165,11.766131431808148],[65.73123526573181,11.59127805497019],[103.00611734390259,11.509135986026237],[103.01611924171448,11.400093446558515],[115.26408815383911,11.356109236809516],[115.27108883857727,11.302521049399886]]",12.149434859351373,0.5863567743090528,0.9517379383405857,11.935352714988596,0.5863567743090528,0.9508722709490858,11.302521049399793,0.5863567743090528,0.9481215941340635,0.0,0,0,0,0,0,0,0,0,0,0,0,0,0,0,0,0,nan,0.0,0,0,nan,0.0,nan,0,0,0,0,nan,29340,17526,86100,1000,0.3979794319486503,1.583086242099695,0.016733333333333333,0.008407531425782032,0.0,0.0
EJOR-COMPUTATIONAL-PROTOCOL,"30,60,120",section_5_3_algorithm_comparison,I_equals_J_coupled_50_25_25_no_blocks,compact_physical_precedence_lazy_interstage_waiting,distribution_buffer_fixed_shortfall,0.5,0.6,coupled_50_25_25,12,12,100,9,12,9,30,15.4,23.23333333333333,18.066666666666666,7,12765,12766,4,120,0.01,0,0,pathwise_repair,5.0,8,LBBD,STATUS_9,1,0,9.162171782050649,9.162171782050649,PASS,0.0,0.0,0.0,0.0010004043579101562,1,1,0.305405726068355,0.5863567743090243,8.575815007741625,0.9360024251610585,120.10562944412231,1.1821997165679932,118.92342972755432,0.6241495609283447,"[[1.2021582126617432,13.402956212644554],[21.27929925918579,12.920533898072023],[55.69039273262024,12.265577510134307]]",9.162171782050649,0.5863567743090243,0.9360024251610585,9.162171782050649,0.5863567743090243,0.9360024251610585,9.162171782050649,0.5863567743090243,0.9360024251610585,0.0,15,3,5200,5700,21,0,1100,1100,11,0,2048,2048,0,3,3,3,12.265577510135188,0.0,0,0,nan,0.6241495609283447,9.162171782050649,864,20,10,1,12.265577510134307,25740,25647,6000,1000,0.3471586274860803,1.5130892298678547,0.014466666666666666,1.8647643596977225e-06,0.0,0.0
EJOR-COMPUTATIONAL-PROTOCOL,"30,60,120",section_5_3_algorithm_comparison,I_equals_J_coupled_50_25_25_no_blocks,compact_physical_precedence_lazy_interstage_waiting,distribution_buffer_fixed_shortfall,0.5,0.6,coupled_50_25_25,12,12,100,9,12,9,30,15.4,23.23333333333333,18.066666666666666,8,12865,12866,4,120,0.01,0,0,pathwise_repair,5.0,8,CBBD,STATUS_9,1,0,8.627017268134665,8.627017268134665,PASS,0.0,0.0,0.0,0.0010023117065429688,1,1,0.2875672422711555,0.5789228339691874,8.048094434165478,0.9328942071198193,120.09433102607727,1.209432601928711,118.88489842414856,0.6352682113647461,"[[1.2304332256317139,14.165228343973713],[20.85934567451477,13.589997158804962],[60.682013273239136,12.623149307173222],[104.95475745201111,12.619963503974205],[104.97875714302063,12.618862611690247]]",8.627017268134665,0.578922833969159,0.9328942071198225,8.627017268134665,0.578922833969159,0.9328942071198225,8.627017268134665,0.5789228339691874,0.9328942071198193,0.0,20,5,4020,5700,21,170,810,980,9,8,2048,2048,10,5,5,5,12.618862611690417,0.0,0,0,nan,0.6352682113647461,8.627017268134665,885,21,8,1,12.618862611690247,25740,25647,6000,1000,0.32466217860420876,1.4486403821327787,0.0116,0.00021363608443133506,0.0,0.0
EJOR-COMPUTATIONAL-PROTOCOL,"30,60,120",section_5_3_algorithm_comparison,I_equals_J_coupled_50_25_25_no_blocks,compact_patient_completion_with_cross_stage_precedence,distribution_buffer_fixed_shortfall,0.5,0.6,coupled_50_25_25,12,12,100,9,12,9,30,15.4,23.23333333333333,18.066666666666666,8,12865,12866,4,120,0.01,0,0,complete_natural,0.0,0,DE-MILP,STATUS_9,1,0,12.121448581471007,12.12144858146172,PASS,9.28679355638451e-12,7.661455224574007e-13,1.9984014443252818e-14,0.0009999275207519531,1,1,0.404048286048724,0.578922833969159,11.542525747501848,0.9522397979021989,115.10024380683899,1.1221592426300049,113.97712731361389,1.1381158828735352,"[[1.1381158828735352,14.165228343973713],[8.487212181091309,13.861154289375065],[15.503494024276733,12.742758044646479],[53.48248839378357,12.684934402360454],[53.962063789367676,12.659295460607098],[57.98017764091492,12.549278973550699],[82.21431994438171,12.504067491261196],[87.74627232551575,12.45019521278752],[87.75783824920654,12.405853686262262],[107.72076487541199,12.390953599255838],[107.72785210609436,12.359712811600275],[113.41078162193298,12.19431144931896],[115.0337336063385,12.130097489659207],[115.04073309898376,12.121448581471071]]",12.659295460607098,0.578922833969159,0.9542689531364018,12.549278973550699,0.578922833969159,0.953868040132878,12.121448581471007,0.578922833969159,0.9522397979021989,0.0,0,0,0,0,0,0,0,0,0,0,0,0,0,0,0,0,nan,0.0,0,0,nan,0.0,nan,0,0,0,0,nan,29340,17526,86100,1000,0.3949102226555251,1.5912557496381903,0.015066666666666667,0.024123070127051317,0.15800280370382921,0.0
EJOR-COMPUTATIONAL-PROTOCOL,"30,60,120",section_5_3_algorithm_comparison,I_equals_J_coupled_50_25_25_no_blocks,compact_physical_precedence_lazy_interstage_waiting,distribution_buffer_fixed_shortfall,0.5,0.6,coupled_50_25_25,12,12,100,9,12,9,30,15.4,23.23333333333333,18.066666666666666,8,12865,12866,4,120,0.01,0,0,pathwise_repair,5.0,8,LBBD,STATUS_11,1,0,8.627017268134665,8.627017268134665,PASS,0.0,0.0,0.0,0.000997304916381836,1,1,0.2875672422711555,0.5789228339691874,8.048094434165478,0.9328942071198193,110.04034447669983,1.1929621696472168,108.84738230705261,0.6411943435668945,"[[1.2200047969818115,14.165228343973713],[20.664758682250977,13.589997158804962],[61.778911113739014,12.622489886387683],[98.49884009361267,12.613719006387925],[108.83695125579834,12.541661024686192],[109.97034478187561,12.523748467139086],[109.9963448047638,12.507335540891916]]",8.627017268134665,0.578922833969159,0.9328942071198225,8.627017268134665,0.578922833969159,0.9328942071198225,8.627017268134665,0.5789228339691874,0.9328942071198193,0.0,15,7,6600,5700,21,0,1400,1400,14,0,2048,2048,0,7,7,7,12.507335540892342,0.0,0,0,nan,0.6411943435668945,8.627017268134665,885,21,8,1,12.507335540891916,25740,25647,6000,1000,0.32466217860420876,1.4486403821327787,0.0116,0.00021363608443133506,0.0,0.0
EJOR-COMPUTATIONAL-PROTOCOL,"30,60,120",section_5_3_algorithm_comparison,I_equals_J_coupled_50_25_25_no_blocks,compact_physical_precedence_lazy_interstage_waiting,distribution_buffer_fixed_shortfall,0.5,0.6,coupled_50_25_25,12,12,100,9,12,9,30,15.4,23.23333333333333,18.066666666666666,9,12965,12966,4,120,0.01,0,0,pathwise_repair,5.0,8,CBBD,STATUS_9,1,0,8.509759120631344,8.509759120631344,PASS,0.0,0.0,0.0,0.0010004043579101562,1,1,0.28365863735437813,0.589039776233534,7.92071934439781,0.9307806757061494,120.13848114013672,1.2529897689819336,118.88549137115479,0.6687114238739014,"[[1.2739896774291992,12.924330952129747],[18.518850564956665,12.382256960144986],[73.04011297225952,11.796023620423952]]",8.509759120631344,0.589039776233534,0.9307806757061494,8.509759120631344,0.589039776233534,0.9307806757061494,8.509759120631344,0.589039776233534,0.9307806757061494,0.0,16,3,2800,5700,21,150,720,870,8,7,2048,2048,10,3,3,3,11.796023620423853,0.0,0,0,nan,0.6687114238739014,8.509759120631344,909,23,10,1,11.796023620423952,25740,25647,6000,1000,0.3283518463460272,1.4644523728622953,0.011233333333333333,0.0,0.0,0.0
EJOR-COMPUTATIONAL-PROTOCOL,"30,60,120",section_5_3_algorithm_comparison,I_equals_J_coupled_50_25_25_no_blocks,compact_patient_completion_with_cross_stage_precedence,distribution_buffer_fixed_shortfall,0.5,0.6,coupled_50_25_25,12,12,100,9,12,9,30,15.4,23.23333333333333,18.066666666666666,9,12965,12966,4,120,0.01,0,0,complete_natural,0.0,0,DE-MILP,STATUS_9,1,0,11.50784473832817,11.507844738390105,PASS,6.193445756252913e-11,5.381933713088441e-12,3.552713678800501e-15,0.0010004043579101562,1,1,0.3835948246130035,0.590552823507295,10.917291914820876,0.9486825867974745,115.35401272773743,1.1849546432495117,114.16905808448792,1.2009563446044922,"[[1.2009563446044922,12.924330952129747],[8.613554239273071,12.452538672619568],[38.52236270904541,12.057195968433206],[61.84630537033081,11.606646317907746],[80.85927605628967,11.545203994639621],[80.86727619171143,11.507844738328231]]",12.057195968433206,0.5890397762335056,0.9511462053220613,12.057195968433206,0.590552823507295,0.9510207161720342,11.50784473832817,0.590552823507295,0.9486825867974745,0.0,0,0,0,0,0,0,0,0,0,0,0,0,0,0,0,0,nan,0.0,0,0,nan,0.0,nan,0,0,0,0,nan,29340,17526,86100,1000,0.41668682110324895,1.6712169792722862,0.018766666666666668,9.92850605220773e-05,0.0,0.0
EJOR-COMPUTATIONAL-PROTOCOL,"30,60,120",section_5_3_algorithm_comparison,I_equals_J_coupled_50_25_25_no_blocks,compact_physical_precedence_lazy_interstage_waiting,distribution_buffer_fixed_shortfall,0.5,0.6,coupled_50_25_25,12,12,100,9,12,9,30,15.4,23.23333333333333,18.066666666666666,9,12965,12966,4,120,0.01,0,0,pathwise_repair,5.0,8,LBBD,STATUS_11,1,0,8.509759120631344,8.509759120631344,PASS,0.0,0.0,0.0,0.0010001659393310547,1,1,0.28365863735437813,0.589039776233534,7.92071934439781,0.9307806757061494,114.38596105575562,1.228686809539795,113.15727424621582,0.6573350429534912,"[[1.2506427764892578,12.924330952129747],[18.55193781852722,12.382256960146023],[59.730289697647095,11.800357216274477]]",8.509759120631344,0.589039776233534,0.9307806757061494,8.509759120631344,0.589039776233534,0.9307806757061494,8.509759120631344,0.589039776233534,0.9307806757061494,0.0,11,3,10000,5700,21,0,1100,1100,11,0,2048,2048,0,3,3,3,11.800357216276012,0.0,0,0,nan,0.6573350429534912,8.509759120631344,909,23,10,1,11.800357216274477,25740,25647,6000,1000,0.3283518463460272,1.4644523728622953,0.011233333333333333,0.0,0.0,0.0
EJOR-COMPUTATIONAL-PROTOCOL,"30,60,120",section_5_3_algorithm_comparison,I_equals_J_coupled_50_25_25_no_blocks,compact_physical_precedence_lazy_interstage_waiting,distribution_buffer_fixed_shortfall,0.5,0.6,coupled_50_25_25,16,16,100,12,16,12,40,21.4,31.9,25.066666666666666,0,12065,12066,4,120,0.01,0,0,pathwise_repair,5.0,8,CBBD,STATUS_11,1,0,12.611915184340774,12.611915184340774,PASS,0.0,0.0,0.0,0.0010004043579101562,1,1,0.31529787960851935,0.5895396307235501,12.022375553617223,0.953255344481262,114.93445563316345,2.4605095386505127,112.47394609451294,1.6390364170074463,"[[2.489508867263794,19.24736395559026],[37.12316131591797,18.18850885878325]]",12.611915184340774,0.5895396307235501,0.953255344481262,12.611915184340774,0.5895396307235501,0.953255344481262,12.611915184340774,0.5895396307235501,0.953255344481262,0.0,14,2,2432,7600,28,130,630,760,7,6,2048,2048,10,2,2,2,18.18850885883876,0.0,0,0,nan,1.6390364170074463,12.611915184340774,1759,30,15,1,18.18850885878325,34512,34389,8000,1000,0.3610442231812691,1.5249005329083516,0.0159,0.00020910806406358265,0.0,0.0
EJOR-COMPUTATIONAL-PROTOCOL,"30,60,120",section_5_3_algorithm_comparison,I_equals_J_coupled_50_25_25_no_blocks,compact_patient_completion_with_cross_stage_precedence,distribution_buffer_fixed_shortfall,0.5,0.6,coupled_50_25_25,16,16,100,12,16,12,40,21.4,31.9,25.066666666666666,0,12065,12066,4,120,0.01,0,0,complete_natural,0.0,0,DE-MILP,STATUS_9,1,0,18.054539138109405,18.054539138207645,PASS,9.823963864619145e-11,5.441270912215826e-12,1.0658141036401503e-14,0.0010001659393310547,1,1,0.4513634784551911,0.5895396307236922,17.464999507385713,0.9673467361191571,115.08912229537964,1.8405842781066895,113.24853801727295,1.8675892353057861,"[[1.8675892353057861,19.24736395559026],[17.930941820144653,19.21814512735409],[43.27332139015198,18.980688680388198],[54.54544186592102,18.073859698514156],[96.61570858955383,18.06186393272],[104.02003526687622,18.060879224455107],[104.03403520584106,18.054539138109476]]",19.21814512735409,0.5895396307236922,0.9693238017083879,18.073859698514156,0.5895396307236922,0.9673816417435088,18.054539138109405,0.5895396307236922,0.9673467361191571,0.0,0,0,0,0,0,0,0,0,0,0,0,0,0,0,0,0,nan,0.0,0,0,nan,0.0,nan,0,0,0,0,nan,39312,23561,150400,1000,0.45959490483316606,1.7416542360101936,0.025,0.0006334092603287587,0.0,0.0
EJOR-COMPUTATIONAL-PROTOCOL,"30,60,120",section_5_3_algorithm_comparison,I_equals_J_coupled_50_25_25_no_blocks,compact_physical_precedence_lazy_interstage_waiting,distribution_buffer_fixed_shortfall,0.5,0.6,coupled_50_25_25,16,16,100,12,16,12,40,21.4,31.9,25.066666666666666,0,12065,12066,4,120,0.01,0,0,pathwise_repair,5.0,8,LBBD,STATUS_11,1,0,12.611915184340774,12.611915184340774,PASS,0.0,0.0,0.0,0.0010058879852294922,1,1,0.31529787960851935,0.5895396307235501,12.022375553617223,0.953255344481262,120.0790102481842,2.429576873779297,117.64943337440491,1.6391534805297852,"[[2.4651689529418945,19.24736395559026],[36.98216915130615,18.18850885878325]]",12.611915184340774,0.5895396307235501,0.953255344481262,12.611915184340774,0.5895396307235501,0.953255344481262,12.611915184340774,0.5895396307235501,0.953255344481262,0.0,10,2,9222,7600,28,0,900,900,9,0,2048,4096,0,2,2,2,18.188508858838844,0.0,0,0,nan,1.6391534805297852,12.611915184340774,1759,30,15,1,18.18850885878325,34512,34389,8000,1000,0.3610442231812691,1.5249005329083516,0.0159,0.00020910806406358265,0.0,0.0
EJOR-COMPUTATIONAL-PROTOCOL,"30,60,120",section_5_3_algorithm_comparison,I_equals_J_coupled_50_25_25_no_blocks,compact_physical_precedence_lazy_interstage_waiting,distribution_buffer_fixed_shortfall,0.5,0.6,coupled_50_25_25,16,16,100,12,16,12,40,21.4,31.9,25.066666666666666,1,12165,12166,4,120,0.01,0,0,pathwise_repair,5.0,8,CBBD,STATUS_11,1,0,12.645522629099332,12.645522629099332,PASS,0.0,0.0,0.0,0.0020008087158203125,1,1,0.3161380657274833,0.5788753870860148,12.066647242013318,0.9542228973791932,120.05431962013245,2.468637704849243,117.5856819152832,1.6417479515075684,"[[2.496638774871826,18.733847773422184]]",12.645522629099332,0.5788753870860148,0.9542228973791932,12.645522629099332,0.5788753870860148,0.9542228973791932,12.645522629099332,0.5788753870860148,0.9542228973791932,0.0,6,1,1000,7600,28,50,180,230,2,3,2048,2048,10,1,1,1,18.73384777342227,0.0,0,0,nan,1.6417479515075684,12.645522629099332,1760,32,14,1,18.733847773422184,34512,34389,8000,1000,0.3738686646990112,1.5951202944194365,0.018275,0.0012276305968601984,0.0,0.0
EJOR-COMPUTATIONAL-PROTOCOL,"30,60,120",section_5_3_algorithm_comparison,I_equals_J_coupled_50_25_25_no_blocks,compact_patient_completion_with_cross_stage_precedence,distribution_buffer_fixed_shortfall,0.5,0.6,coupled_50_25_25,16,16,100,12,16,12,40,21.4,31.9,25.066666666666666,1,12165,12166,4,120,0.01,0,0,complete_natural,0.0,0,DE-MILP,STATUS_9,1,0,17.82042755666227,17.820427556825337,PASS,1.630660051432642e-10,9.150510257022923e-12,8.615330671091215e-14,0.0010066032409667969,1,1,0.4455106889206334,0.5788753870860717,17.2415521695762,0.9675161897633788,118.3652274608612,1.8431408405303955,116.52208662033081,1.8697574138641357,"[[1.8697574138641357,18.733847773422184],[61.42381286621094,18.709255961233254],[101.77339363098145,17.820427556662338]]",18.709255961233254,0.5788753870860432,0.9690594116470741,18.709255961233254,0.5788753870860432,0.9690594116470741,17.82042755666227,0.5788753870860717,0.9675161897633788,0.0,0,0,0,0,0,0,0,0,0,0,0,0,0,0,0,0,nan,0.0,0,0,nan,0.0,nan,0,0,0,0,nan,39312,23561,150400,1000,0.460792738254514,1.7459483510703544,0.024275,0.001092541698744056,0.0,0.0
EJOR-COMPUTATIONAL-PROTOCOL,"30,60,120",section_5_3_algorithm_comparison,I_equals_J_coupled_50_25_25_no_blocks,compact_physical_precedence_lazy_interstage_waiting,distribution_buffer_fixed_shortfall,0.5,0.6,coupled_50_25_25,16,16,100,12,16,12,40,21.4,31.9,25.066666666666666,1,12165,12166,4,120,0.01,0,0,pathwise_repair,5.0,8,LBBD,STATUS_11,1,0,12.645522629099332,12.645522629099332,PASS,0.0,0.0,0.0,0.0009999275207519531,1,1,0.3161380657274833,0.5788753870860148,12.066647242013318,0.9542228973791932,120.06729650497437,2.4366061687469482,117.63069033622742,1.6457996368408203,"[[2.464606761932373,18.733847773422184]]",12.645522629099332,0.5788753870860148,0.9542228973791932,12.645522629099332,0.5788753870860148,0.9542228973791932,12.645522629099332,0.5788753870860148,0.9542228973791932,0.0,6,1,8850,7600,28,0,500,500,5,0,2048,4096,0,1,1,1,18.73384777342227,0.0,0,0,nan,1.6457996368408203,12.645522629099332,1760,32,14,1,18.733847773422184,34512,34389,8000,1000,0.3738686646990112,1.5951202944194365,0.018275,0.0012276305968601984,0.0,0.0
EJOR-COMPUTATIONAL-PROTOCOL,"30,60,120",section_5_3_algorithm_comparison,I_equals_J_coupled_50_25_25_no_blocks,compact_physical_precedence_lazy_interstage_waiting,distribution_buffer_fixed_shortfall,0.5,0.6,coupled_50_25_25,16,16,100,12,16,12,40,21.4,31.9,25.066666666666666,2,12265,12266,4,120,0.01,0,0,pathwise_repair,5.0,8,CBBD,STATUS_9,1,0,12.233709265927644,12.233709265927644,PASS,0.0,0.0,0.0,0.0009992122650146484,1,1,0.3058427316481911,0.5912474483259302,11.642461817601713,0.9516706310838507,120.06823539733887,2.3831264972686768,117.68510890007019,1.564378261566162,"[[2.4111270904541016,19.4587230140274],[40.142977476119995,18.40611998827731]]",12.233709265927644,0.5912474483259302,0.9516706310838507,12.233709265927644,0.5912474483259302,0.9516706310838507,12.233709265927644,0.5912474483259302,0.9516706310838507,0.0,6,2,4340,7600,28,60,270,330,3,3,2048,2048,10,2,2,2,18.406119988321166,0.0,0,0,nan,1.564378261566162,12.233709265927644,1677,28,14,1,18.40611998827731,34512,34389,8000,1000,0.36679976886929533,1.5592450085206877,0.01705,0.00031517728537041126,0.0,0.0
EJOR-COMPUTATIONAL-PROTOCOL,"30,60,120",section_5_3_algorithm_comparison,I_equals_J_coupled_50_25_25_no_blocks,compact_patient_completion_with_cross_stage_precedence,distribution_buffer_fixed_shortfall,0.5,0.6,coupled_50_25_25,16,16,100,12,16,12,40,21.4,31.9,25.066666666666666,2,12265,12266,4,120,0.01,0,0,complete_natural,0.0,0,DE-MILP,STATUS_9,1,0,18.168822277658805,18.16882227766024,PASS,1.4352963262354024e-12,7.899776354795398e-14,0.0,0.0010001659393310547,1,1,0.454220556941506,0.5914576357678243,17.57736464189098,0.9674465616577081,115.44060277938843,1.8332939147949219,113.6073088645935,1.8589198589324951,"[[1.8589198589324951,19.4587230140274],[55.4519317150116,19.129705876548172],[77.96327900886536,18.22914692320913],[93.76110076904297,18.168822277658876]]",19.129705876548172,0.5912474483260155,0.9690927057560854,19.129705876548172,0.5912474483260155,0.9690927057560854,18.168822277658805,0.5914576357678243,0.9674465616577081,0.0,0,0,0,0,0,0,0,0,0,0,0,0,0,0,0,0,nan,0.0,0,0,nan,0.0,nan,0,0,0,0,nan,39312,23561,150400,1000,0.4488667621164458,1.713893602680126,0.022275,0.0013734140249562993,0.0,0.0
EJOR-COMPUTATIONAL-PROTOCOL,"30,60,120",section_5_3_algorithm_comparison,I_equals_J_coupled_50_25_25_no_blocks,compact_physical_precedence_lazy_interstage_waiting,distribution_buffer_fixed_shortfall,0.5,0.6,coupled_50_25_25,16,16,100,12,16,12,40,21.4,31.9,25.066666666666666,2,12265,12266,4,120,0.01,0,0,pathwise_repair,5.0,8,LBBD,STATUS_11,1,0,12.233709265927644,12.233709265927644,PASS,0.0,0.0,0.0,0.001001596450805664,1,1,0.3058427316481911,0.5912474483259302,11.642461817601713,0.9516706310838507,112.18375039100647,2.3507046699523926,109.83304572105408,1.5550391674041748,"[[2.379352569580078,19.4587230140274],[38.614402294158936,18.406119988277254]]",12.233709265927644,0.5912474483259302,0.9516706310838507,12.233709265927644,0.5912474483259302,0.9516706310838507,12.233709265927644,0.5912474483259302,0.9516706310838507,0.0,5,2,7600,7600,28,0,400,400,4,0,2048,2048,0,2,2,2,18.40611998832111,0.0,0,0,nan,1.5550391674041748,12.233709265927644,1677,28,14,1,18.406119988277254,34512,34389,8000,1000,0.36679976886929533,1.5592450085206877,0.01705,0.00031517728537041126,0.0,0.0
EJOR-COMPUTATIONAL-PROTOCOL,"30,60,120",section_5_3_algorithm_comparison,I_equals_J_coupled_50_25_25_no_blocks,compact_physical_precedence_lazy_interstage_waiting,distribution_buffer_fixed_shortfall,0.5,0.6,coupled_50_25_25,16,16,100,12,16,12,40,21.4,31.9,25.066666666666666,3,12365,12366,4,120,0.01,0,0,pathwise_repair,5.0,8,CBBD,STATUS_11,1,0,11.680960625366595,11.680960625366595,PASS,0.0,0.0,0.0,0.001003265380859375,1,1,0.29202401563416486,0.5878381775251,11.093122447841495,0.9496755278629619,120.05133509635925,2.385415554046631,117.66591954231262,1.571441888809204,"[[2.413417339324951,18.950370023815715],[50.35912847518921,18.10666617291392]]",11.680960625366595,0.5878381775251,0.9496755278629619,11.680960625366595,0.5878381775251,0.9496755278629619,11.680960625366595,0.5878381775251,0.9496755278629619,0.0,15,2,1530,7600,28,140,900,1040,10,4,2048,2048,10,2,2,2,18.106666172965873,0.0,0,0,nan,1.571441888809204,11.680960625366595,1675,27,15,1,18.10666617291392,34512,34389,8000,1000,0.3715216781906139,1.579348983897176,0.016975,0.00025645752000270846,0.0,0.0
EJOR-COMPUTATIONAL-PROTOCOL,"30,60,120",section_5_3_algorithm_comparison,I_equals_J_coupled_50_25_25_no_blocks,compact_patient_completion_with_cross_stage_precedence,distribution_buffer_fixed_shortfall,0.5,0.6,coupled_50_25_25,16,16,100,12,16,12,40,21.4,31.9,25.066666666666666,3,12365,12366,4,120,0.01,0,0,complete_natural,0.0,0,DE-MILP,STATUS_9,1,0,17.919841699451695,17.919841699452007,PASS,3.126388037344441e-13,1.7446515933452953e-14,0.0,0.001001119613647461,1,1,0.4479960424863002,0.5917429532573522,17.328098746194343,0.9669783381359078,115.9656913280487,1.8648943901062012,114.1007969379425,1.8918943405151367,"[[1.8918943405151367,18.950370023815715],[44.296993255615234,18.43912553927285],[84.81405138969421,18.010848095054968],[101.53840851783752,17.91984169945178]]",18.43912553927285,0.5878381775251853,0.9681200620781517,18.43912553927285,0.5911122559207627,0.967942500599512,17.919841699451695,0.5917429532573522,0.9669783381359078,0.0,0,0,0,0,0,0,0,0,0,0,0,0,0,0,0,0,nan,0.0,0,0,nan,0.0,nan,0,0,0,0,nan,39312,23561,150400,1000,0.4557495166235487,1.6957737945697027,0.0217,0.0034104568029058213,0.0,0.0
EJOR-COMPUTATIONAL-PROTOCOL,"30,60,120",section_5_3_algorithm_comparison,I_equals_J_coupled_50_25_25_no_blocks,compact_physical_precedence_lazy_interstage_waiting,distribution_buffer_fixed_shortfall,0.5,0.6,coupled_50_25_25,16,16,100,12,16,12,40,21.4,31.9,25.066666666666666,3,12365,12366,4,120,0.01,0,0,pathwise_repair,5.0,8,LBBD,STATUS_11,1,0,11.680960625366595,11.680960625366595,PASS,0.0,0.0,0.0,0.0009999275207519531,1,1,0.29202401563416486,0.5878381775251,11.093122447841495,0.9496755278629619,120.07187414169312,2.3527262210845947,117.71914792060852,1.5588841438293457,"[[2.380983352661133,18.950370023815715],[50.40086579322815,18.106666172914146]]",11.680960625366595,0.5878381775251,0.9496755278629619,11.680960625366595,0.5878381775251,0.9496755278629619,11.680960625366595,0.5878381775251,0.9496755278629619,0.0,10,2,3622,7600,28,0,900,900,9,0,2048,2048,0,2,2,2,18.106666172965845,0.0,0,0,nan,1.5588841438293457,11.680960625366595,1675,27,15,1,18.106666172914146,34512,34389,8000,1000,0.3715216781906139,1.579348983897176,0.016975,0.00025645752000270846,0.0,0.0
EJOR-COMPUTATIONAL-PROTOCOL,"30,60,120",section_5_3_algorithm_comparison,I_equals_J_coupled_50_25_25_no_blocks,compact_physical_precedence_lazy_interstage_waiting,distribution_buffer_fixed_shortfall,0.5,0.6,coupled_50_25_25,16,16,100,12,16,12,40,21.4,31.9,25.066666666666666,4,12465,12466,4,120,0.01,0,0,pathwise_repair,5.0,8,CBBD,STATUS_11,1,0,12.84332487674547,12.84332487674547,PASS,0.0,0.0,0.0,0.0009999275207519531,1,1,0.32108312191863675,0.5888389616069958,12.254485915138474,0.954152139943671,111.72748112678528,2.3629727363586426,109.36450839042664,1.5521559715270996,"[[2.3914406299591064,20.77850701249964]]",12.84332487674547,0.5888389616069958,0.954152139943671,12.84332487674547,0.5888389616069958,0.954152139943671,12.84332487674547,0.5888389616069958,0.954152139943671,0.0,5,1,686,7600,28,40,180,220,2,2,2048,2048,10,1,1,1,20.778507012499745,0.0,0,0,nan,1.5521559715270996,12.84332487674547,1673,27,15,1,20.77850701249964,34512,34389,8000,1000,0.3638438140427287,1.551316839972806,0.015375,0.0007253756175649307,0.0,0.0
EJOR-COMPUTATIONAL-PROTOCOL,"30,60,120",section_5_3_algorithm_comparison,I_equals_J_coupled_50_25_25_no_blocks,compact_patient_completion_with_cross_stage_precedence,distribution_buffer_fixed_shortfall,0.5,0.6,coupled_50_25_25,16,16,100,12,16,12,40,21.4,31.9,25.066666666666666,4,12465,12466,4,120,0.01,0,0,complete_natural,0.0,0,DE-MILP,STATUS_9,1,0,19.408301336355485,19.408301336359273,PASS,3.787192781601334e-12,1.9513262474477628e-13,0.0,0.0010001659393310547,1,1,0.4852075334089818,0.5888389616070242,18.81946237474846,0.9696604586149941,115.09077095985413,1.8476946353912354,113.24307632446289,1.8746933937072754,"[[1.8746933937072754,20.77850701249964],[32.120250940322876,20.249826397911022],[75.66255927085876,19.598610105738544],[87.54173731803894,19.40830133635555]]",20.249826397911022,0.5888389616069958,0.9709212834699787,19.598610105738544,0.5888389616070242,0.9699550652607447,19.408301336355485,0.5888389616070242,0.9696604586149941,0.0,0,0,0,0,0,0,0,0,0,0,0,0,0,0,0,0,nan,0.0,0,0,nan,0.0,nan,0,0,0,0,nan,39312,23561,150400,1000,0.43848594175278616,1.6919050583792699,0.02195,0.0002798898788158845,0.0,0.0
EJOR-COMPUTATIONAL-PROTOCOL,"30,60,120",section_5_3_algorithm_comparison,I_equals_J_coupled_50_25_25_no_blocks,compact_physical_precedence_lazy_interstage_waiting,distribution_buffer_fixed_shortfall,0.5,0.6,coupled_50_25_25,16,16,100,12,16,12,40,21.4,31.9,25.066666666666666,4,12465,12466,4,120,0.01,0,0,pathwise_repair,5.0,8,LBBD,STATUS_11,1,0,12.84332487674547,12.84332487674547,PASS,0.0,0.0,0.0,0.001001119613647461,1,1,0.32108312191863675,0.5888389616069958,12.254485915138474,0.954152139943671,114.03147172927856,2.3372962474823,111.69417548179626,1.541698932647705,"[[2.36525559425354,20.77850701249964]]",12.84332487674547,0.5888389616069958,0.954152139943671,12.84332487674547,0.5888389616069958,0.954152139943671,12.84332487674547,0.5888389616069958,0.954152139943671,0.0,4,1,4322,7600,28,0,300,300,3,0,2048,4096,0,1,1,1,20.778507012499745,0.0,0,0,nan,1.541698932647705,12.84332487674547,1673,27,15,1,20.77850701249964,34512,34389,8000,1000,0.3638438140427287,1.551316839972806,0.015375,0.0007253756175649307,0.0,0.0
EJOR-COMPUTATIONAL-PROTOCOL,"30,60,120",section_5_3_algorithm_comparison,I_equals_J_coupled_50_25_25_no_blocks,compact_physical_precedence_lazy_interstage_waiting,distribution_buffer_fixed_shortfall,0.5,0.6,coupled_50_25_25,16,16,100,12,16,12,40,21.4,31.9,25.066666666666666,5,12565,12566,4,120,0.01,0,0,pathwise_repair,5.0,8,CBBD,STATUS_11,1,0,12.44466814671921,12.44466814671921,PASS,0.0,0.0,0.0,0.0009996891021728516,1,1,0.3111167036679802,0.5867514429332346,11.857916703785975,0.9528511780293699,115.93765425682068,2.413071393966675,113.524582862854,1.5932745933532715,"[[2.4411187171936035,19.46756399020158],[47.891913414001465,18.44627902561163]]",12.44466814671921,0.5867514429332346,0.9528511780293699,12.44466814671921,0.5867514429332346,0.9528511780293699,12.44466814671921,0.5867514429332346,0.9528511780293699,0.0,11,2,1996,7600,28,100,450,550,5,5,2048,2048,10,2,2,2,18.44627902565685,0.0,0,0,nan,1.5932745933532715,12.44466814671921,1713,28,16,1,18.44627902561163,34512,34389,8000,1000,0.356054400099425,1.5086117391402545,0.015475,0.0007556181522038902,0.0,0.0
EJOR-COMPUTATIONAL-PROTOCOL,"30,60,120",section_5_3_algorithm_comparison,I_equals_J_coupled_50_25_25_no_blocks,compact_patient_completion_with_cross_stage_precedence,distribution_buffer_fixed_shortfall,0.5,0.6,coupled_50_25_25,16,16,100,12,16,12,40,21.4,31.9,25.066666666666666,5,12565,12566,4,120,0.01,0,0,complete_natural,0.0,0,DE-MILP,STATUS_9,1,0,17.647309191924442,17.6473091921533,PASS,2.2885870976097067e-10,1.2968476228813988e-11,5.684341886080802e-14,0.0009980201721191406,1,1,0.44118272980383255,0.5867514429338314,17.06055774899061,0.9667512232855118,115.09699654579163,1.828791856765747,113.26820468902588,1.8587932586669922,"[[1.8587932586669922,19.46756399020158],[15.60854458808899,19.04633945268742],[38.58171057701111,18.190005511036617],[53.555763244628906,18.09859581791582],[94.02968192100525,17.881248322707194],[98.15710353851318,17.794066293334794],[113.05810713768005,17.647309191924506]]",19.04633945268742,0.5867514429338314,0.9691934797029441,18.09859581791582,0.5867514429338314,0.9675802781145593,17.647309191924442,0.5867514429338314,0.9667512232855118,0.0,0,0,0,0,0,0,0,0,0,0,0,0,0,0,0,0,nan,0.0,0,0,nan,0.0,nan,0,0,0,0,nan,39312,23561,150400,1000,0.43448516171865165,1.6826768326531725,0.023375,0.004794422850799405,0.0,0.0
EJOR-COMPUTATIONAL-PROTOCOL,"30,60,120",section_5_3_algorithm_comparison,I_equals_J_coupled_50_25_25_no_blocks,compact_physical_precedence_lazy_interstage_waiting,distribution_buffer_fixed_shortfall,0.5,0.6,coupled_50_25_25,16,16,100,12,16,12,40,21.4,31.9,25.066666666666666,5,12565,12566,4,120,0.01,0,0,pathwise_repair,5.0,8,LBBD,STATUS_11,1,0,12.44466814671921,12.44466814671921,PASS,0.0,0.0,0.0,0.0010006427764892578,1,1,0.3111167036679802,0.5867514429332346,11.857916703785975,0.9528511780293699,120.10646224021912,2.393202781677246,117.71325945854187,1.599123477935791,"[[2.4212002754211426,19.46756399020158],[47.96178889274597,18.44627902561163]]",12.44466814671921,0.5867514429332346,0.9528511780293699,12.44466814671921,0.5867514429332346,0.9528511780293699,12.44466814671921,0.5867514429332346,0.9528511780293699,0.0,9,2,9112,7600,28,0,800,800,8,0,2048,2048,0,2,2,2,18.446279025656423,0.0,0,0,nan,1.599123477935791,12.44466814671921,1713,28,16,1,18.44627902561163,34512,34389,8000,1000,0.356054400099425,1.5086117391402545,0.015475,0.0007556181522038902,0.0,0.0
EJOR-COMPUTATIONAL-PROTOCOL,"30,60,120",section_5_3_algorithm_comparison,I_equals_J_coupled_50_25_25_no_blocks,compact_physical_precedence_lazy_interstage_waiting,distribution_buffer_fixed_shortfall,0.5,0.6,coupled_50_25_25,16,16,100,12,16,12,40,21.4,31.9,25.066666666666666,6,12665,12666,4,120,0.01,0,0,pathwise_repair,5.0,8,CBBD,STATUS_11,1,0,12.38709201261392,12.38709201261392,PASS,0.0,0.0,0.0,0.0010001659393310547,1,1,0.309677300315348,0.5752857895633099,11.81180622305061,0.9535576397610117,113.69280767440796,2.46960711479187,111.22320055961609,1.6321825981140137,"[[2.501607894897461,20.037621993771534],[44.09399390220642,19.132546349349496]]",12.38709201261392,0.5752857895633099,0.9535576397610117,12.38709201261392,0.5752857895633099,0.9535576397610117,12.38709201261392,0.5752857895633099,0.9535576397610117,0.0,13,2,2324,7600,28,120,450,570,5,7,2048,2048,10,2,2,2,19.132546349389543,0.0,0,0,nan,1.6321825981140137,12.38709201261392,1753,31,15,1,19.132546349349496,34512,34389,8000,1000,0.36125360605454626,1.5513586336775775,0.0165,0.0007260453991028254,0.0,0.0
EJOR-COMPUTATIONAL-PROTOCOL,"30,60,120",section_5_3_algorithm_comparison,I_equals_J_coupled_50_25_25_no_blocks,compact_patient_completion_with_cross_stage_precedence,distribution_buffer_fixed_shortfall,0.5,0.6,coupled_50_25_25,16,16,100,12,16,12,40,21.4,31.9,25.066666666666666,6,12665,12666,4,120,0.01,0,0,complete_natural,0.0,0,DE-MILP,STATUS_9,1,0,18.834963915573923,18.832198239038433,PASS,0.002765676535489092,0.00014685893279075353,0.0,0.0010004043579101562,1,1,0.47080495597596084,0.5754869263286082,18.259476989245314,0.9694458174218874,115.1009771823883,1.8336491584777832,113.26732802391052,1.859696626663208,"[[1.859696626663208,20.037621993771534],[18.910163164138794,19.423319553749792],[107.62152242660522,18.834963915574008]]",19.423319553749792,0.5752857895632815,0.9703816956740425,19.423319553749792,0.5752857895632815,0.9703816956740425,18.834963915573923,0.5754869263286082,0.9694458174218874,0.0,0,0,0,0,0,0,0,0,0,0,0,0,0,0,0,0,nan,0.0,0,0,nan,0.0,nan,0,0,0,0,nan,39312,23561,150400,1000,0.4433939914737448,1.7148119393828762,0.022925,5.8815543540950196e-05,0.0,0.0
EJOR-COMPUTATIONAL-PROTOCOL,"30,60,120",section_5_3_algorithm_comparison,I_equals_J_coupled_50_25_25_no_blocks,compact_physical_precedence_lazy_interstage_waiting,distribution_buffer_fixed_shortfall,0.5,0.6,coupled_50_25_25,16,16,100,12,16,12,40,21.4,31.9,25.066666666666666,6,12665,12666,4,120,0.01,0,0,pathwise_repair,5.0,8,LBBD,STATUS_11,1,0,12.38709201261392,12.38709201261392,PASS,0.0,0.0,0.0,0.0009996891021728516,1,1,0.309677300315348,0.5752857895633099,11.81180622305061,0.9535576397610117,116.02588248252869,2.4411563873291016,113.58472609519958,1.6436643600463867,"[[2.4681549072265625,20.037621993771534],[42.60214376449585,19.132546349349496]]",12.38709201261392,0.5752857895633099,0.9535576397610117,12.38709201261392,0.5752857895633099,0.9535576397610117,12.38709201261392,0.5752857895633099,0.9535576397610117,0.0,9,2,8400,7600,28,0,800,800,8,0,2048,2048,0,2,2,2,19.132546349389685,0.0,0,0,nan,1.6436643600463867,12.38709201261392,1753,31,15,1,19.132546349349496,34512,34389,8000,1000,0.36125360605454626,1.5513586336775775,0.0165,0.0007260453991028254,0.0,0.0
EJOR-COMPUTATIONAL-PROTOCOL,"30,60,120",section_5_3_algorithm_comparison,I_equals_J_coupled_50_25_25_no_blocks,compact_physical_precedence_lazy_interstage_waiting,distribution_buffer_fixed_shortfall,0.5,0.6,coupled_50_25_25,16,16,100,12,16,12,40,21.4,31.9,25.066666666666666,7,12765,12766,4,120,0.01,0,0,pathwise_repair,5.0,8,CBBD,STATUS_11,1,0,12.159596550491187,12.159596550491187,PASS,0.0,0.0,0.0,0.00099945068359375,1,1,0.3039899137622797,0.5874960692997604,11.572100481191427,0.9516845754823972,120.06604766845703,2.38716721534729,117.67888045310974,1.5666751861572266,"[[2.4162111282348633,19.32856430704088],[38.928178548812866,18.565552490380867]]",12.159596550491187,0.5874960692997604,0.9516845754823972,12.159596550491187,0.5874960692997604,0.9516845754823972,12.159596550491187,0.5874960692997604,0.9516845754823972,0.0,17,2,1504,7600,28,160,720,880,8,8,2048,2048,10,2,2,2,18.565552490423187,0.0,0,0,nan,1.5666751861572266,12.159596550491187,1673,29,20,1,18.565552490380867,34512,34389,8000,1000,0.36481532966495217,1.5606755827098202,0.0168,0.00673541147796494,0.0,0.0
EJOR-COMPUTATIONAL-PROTOCOL,"30,60,120",section_5_3_algorithm_comparison,I_equals_J_coupled_50_25_25_no_blocks,compact_patient_completion_with_cross_stage_precedence,distribution_buffer_fixed_shortfall,0.5,0.6,coupled_50_25_25,16,16,100,12,16,12,40,21.4,31.9,25.066666666666666,7,12765,12766,4,120,0.01,0,0,complete_natural,0.0,0,DE-MILP,STATUS_9,1,0,18.11393633398652,18.113936333993962,PASS,7.44293515708705e-12,4.108955127063731e-13,0.0,0.0009992122650146484,1,1,0.4528484083498491,0.5874960692998457,17.526440264686673,0.9675666261342905,115.24169039726257,1.818894386291504,113.42279601097107,1.8450276851654053,"[[1.8450276851654053,19.32856430704088],[16.550119161605835,19.134270569793927],[58.653369665145874,19.132717893613886],[75.36430382728577,18.1139363339866]]",19.134270569793927,0.5874960692998457,0.9692961345374049,19.132717893613886,0.5874960692998457,0.9692936428286574,18.11393633398652,0.5874960692998457,0.9675666261342905,0.0,0,0,0,0,0,0,0,0,0,0,0,0,0,0,0,0,nan,0.0,0,0,nan,0.0,nan,0,0,0,0,nan,39312,23561,150400,1000,0.45499129973675473,1.7317207681513915,0.02295,0.006595929162099107,0.0,0.0
EJOR-COMPUTATIONAL-PROTOCOL,"30,60,120",section_5_3_algorithm_comparison,I_equals_J_coupled_50_25_25_no_blocks,compact_physical_precedence_lazy_interstage_waiting,distribution_buffer_fixed_shortfall,0.5,0.6,coupled_50_25_25,16,16,100,12,16,12,40,21.4,31.9,25.066666666666666,7,12765,12766,4,120,0.01,0,0,pathwise_repair,5.0,8,LBBD,STATUS_11,1,0,12.159596550491187,12.159596550491187,PASS,0.0,0.0,0.0,0.0013539791107177734,1,1,0.3039899137622797,0.5874960692997604,11.572100481191427,0.9516845754823972,120.0525381565094,2.3757359981536865,117.67680215835571,1.5694475173950195,"[[2.403735399246216,19.32856430704088],[38.73670673370361,18.565552490380867]]",12.159596550491187,0.5874960692997604,0.9516845754823972,12.159596550491187,0.5874960692997604,0.9516845754823972,12.159596550491187,0.5874960692997604,0.9516845754823972,0.0,9,2,6674,7600,28,0,800,800,8,0,2048,2048,0,2,2,2,18.565552490423215,0.0,0,0,nan,1.5694475173950195,12.159596550491187,1673,29,20,1,18.565552490380867,34512,34389,8000,1000,0.36481532966495217,1.5606755827098202,0.0168,0.00673541147796494,0.0,0.0
EJOR-COMPUTATIONAL-PROTOCOL,"30,60,120",section_5_3_algorithm_comparison,I_equals_J_coupled_50_25_25_no_blocks,compact_physical_precedence_lazy_interstage_waiting,distribution_buffer_fixed_shortfall,0.5,0.6,coupled_50_25_25,16,16,100,12,16,12,40,21.4,31.9,25.066666666666666,8,12865,12866,4,120,0.01,0,0,pathwise_repair,5.0,8,CBBD,STATUS_11,1,0,12.518166359890728,12.5181663598907,PASS,2.842170943040401e-14,2.2704371082229464e-15,0.0,0.0010006427764892578,1,1,0.3129541589972675,0.5794466442742134,11.938719715616514,0.9537115398840832,120.06351327896118,2.4741952419281006,117.58931803703308,1.6465625762939453,"[[2.5022380352020264,19.014608869098815],[38.190913438797,18.105322130583744]]",12.518166359890728,0.5794466442742134,0.9537115398840832,12.518166359890728,0.5794466442742134,0.9537115398840832,12.518166359890728,0.5794466442742134,0.9537115398840832,0.0,12,2,2038,7600,28,110,540,650,6,5,2048,2048,10,2,2,2,18.105322130635415,0.0,0,0,nan,1.6465625762939453,12.518166359890728,1760,30,13,1,18.105322130583744,34512,34389,8000,1000,0.3638792913017072,1.5620754014482632,0.017025,0.0005057365165737588,0.0,0.0
EJOR-COMPUTATIONAL-PROTOCOL,"30,60,120",section_5_3_algorithm_comparison,I_equals_J_coupled_50_25_25_no_blocks,compact_patient_completion_with_cross_stage_precedence,distribution_buffer_fixed_shortfall,0.5,0.6,coupled_50_25_25,16,16,100,12,16,12,40,21.4,31.9,25.066666666666666,8,12865,12866,4,120,0.01,0,0,complete_natural,0.0,0,DE-MILP,STATUS_9,1,0,17.987404654365662,17.98740465436805,PASS,2.3874235921539366e-12,1.327275189516669e-13,0.0,0.0010004043579101562,1,1,0.4496851163592012,0.5794466442742703,17.40795801009139,0.9677859782771032,115.11214971542358,1.8479363918304443,113.26421332359314,1.8749358654022217,"[[1.8749358654022217,19.014608869098815],[56.92810940742493,18.918248801722456],[93.55457735061646,17.987404654365747]]",18.918248801722456,0.5794466442742703,0.9693710210523548,18.918248801722456,0.5794466442742703,0.9693710210523548,17.987404654365662,0.5794466442742703,0.9677859782771032,0.0,0,0,0,0,0,0,0,0,0,0,0,0,0,0,0,0,nan,0.0,0,0,nan,0.0,nan,0,0,0,0,nan,39312,23561,150400,1000,0.4471663901724437,1.7069804249661762,0.0238,0.00031929554511169367,0.0,0.0
EJOR-COMPUTATIONAL-PROTOCOL,"30,60,120",section_5_3_algorithm_comparison,I_equals_J_coupled_50_25_25_no_blocks,compact_physical_precedence_lazy_interstage_waiting,distribution_buffer_fixed_shortfall,0.5,0.6,coupled_50_25_25,16,16,100,12,16,12,40,21.4,31.9,25.066666666666666,8,12865,12866,4,120,0.01,0,0,pathwise_repair,5.0,8,LBBD,STATUS_11,1,0,12.518166359890728,12.5181663598907,PASS,2.842170943040401e-14,2.2704371082229464e-15,0.0,0.001001119613647461,1,1,0.3129541589972675,0.5794466442742134,11.938719715616514,0.9537115398840832,117.01771688461304,2.440866470336914,114.57685041427612,1.6368272304534912,"[[2.4758660793304443,19.014608869098815],[38.2145311832428,18.105322130583744]]",12.518166359890728,0.5794466442742134,0.9537115398840832,12.518166359890728,0.5794466442742134,0.9537115398840832,12.518166359890728,0.5794466442742134,0.9537115398840832,0.0,10,2,8994,7600,28,0,900,900,9,0,2048,2048,0,2,2,2,18.105322130634903,0.0,0,0,nan,1.6368272304534912,12.518166359890728,1760,30,13,1,18.105322130583744,34512,34389,8000,1000,0.3638792913017072,1.5620754014482632,0.017025,0.0005057365165737588,0.0,0.0
EJOR-COMPUTATIONAL-PROTOCOL,"30,60,120",section_5_3_algorithm_comparison,I_equals_J_coupled_50_25_25_no_blocks,compact_physical_precedence_lazy_interstage_waiting,distribution_buffer_fixed_shortfall,0.5,0.6,coupled_50_25_25,16,16,100,12,16,12,40,21.4,31.9,25.066666666666666,9,12965,12966,4,120,0.01,0,0,pathwise_repair,5.0,8,CBBD,STATUS_11,1,0,12.868025562216815,12.868025562216815,PASS,0.0,0.0,0.0,0.0,1,1,0.32170063905542035,0.5806573164373958,12.287368245779419,0.9548759587374208,119.93008589744568,2.4570178985595703,117.47306799888611,1.6399564743041992,"[[2.486070156097412,18.84489542814995],[40.18049216270447,18.02022498054427]]",12.868025562216815,0.5806573164373958,0.9548759587374208,12.868025562216815,0.5806573164373958,0.9548759587374208,12.868025562216815,0.5806573164373958,0.9548759587374208,0.0,11,2,1932,7600,28,100,450,550,5,5,2048,2048,10,2,2,2,18.02022498059003,0.0,0,0,nan,1.6399564743041992,12.868025562216815,1757,31,14,1,18.02022498054427,34512,34389,8000,1000,0.3637924399120188,1.5219494195318675,0.01575,0.00030079149976441146,0.0,0.0
EJOR-COMPUTATIONAL-PROTOCOL,"30,60,120",section_5_3_algorithm_comparison,I_equals_J_coupled_50_25_25_no_blocks,compact_patient_completion_with_cross_stage_precedence,distribution_buffer_fixed_shortfall,0.5,0.6,coupled_50_25_25,16,16,100,12,16,12,40,21.4,31.9,25.066666666666666,9,12965,12966,4,120,0.01,0,0,complete_natural,0.0,0,DE-MILP,STATUS_9,1,0,17.539608198334793,17.537330748649225,PASS,0.0022774496855682003,0.0001298629602309129,4.085620730620576e-14,0.0010004043579101562,1,1,0.4384332687162306,0.5808405528873379,16.958767645447455,0.9668840634112635,115.1474826335907,1.8360657691955566,113.31141686439514,1.8630657196044922,"[[1.8630657196044922,18.84489542814995],[52.28048920631409,18.77145256954185],[60.08001232147217,17.716241278882165],[101.85262823104858,17.539608198334832]]",18.77145256954185,0.5806573164374527,0.9690670013795515,17.716241278882165,0.5806573164374527,0.9672245761786051,17.539608198334793,0.5808405528873379,0.9668840634112635,0.0,0,0,0,0,0,0,0,0,0,0,0,0,0,0,0,0,nan,0.0,0,0,nan,0.0,nan,0,0,0,0,nan,39312,23561,150400,1000,0.44906682350263116,1.7162224204550998,0.02145,0.003435408970662235,0.0,0.0
EJOR-COMPUTATIONAL-PROTOCOL,"30,60,120",section_5_3_algorithm_comparison,I_equals_J_coupled_50_25_25_no_blocks,compact_physical_precedence_lazy_interstage_waiting,distribution_buffer_fixed_shortfall,0.5,0.6,coupled_50_25_25,16,16,100,12,16,12,40,21.4,31.9,25.066666666666666,9,12965,12966,4,120,0.01,0,0,pathwise_repair,5.0,8,LBBD,STATUS_11,1,0,12.868025562216815,12.868025562216815,PASS,0.0,0.0,0.0,0.0009996891021728516,1,1,0.32170063905542035,0.5806573164373958,12.287368245779419,0.9548759587374208,120.07019519805908,2.435858726501465,117.63433647155762,1.6395344734191895,"[[2.464860200881958,18.84489542814995],[40.335285663604736,18.02022498054427]]",12.868025562216815,0.5806573164373958,0.9548759587374208,12.868025562216815,0.5806573164373958,0.9548759587374208,12.868025562216815,0.5806573164373958,0.9548759587374208,0.0,9,2,9652,7600,28,0,800,800,8,0,2048,4096,0,2,2,2,18.020224980589944,0.0,0,0,nan,1.6395344734191895,12.868025562216815,1757,31,14,1,18.02022498054427,34512,34389,8000,1000,0.3637924399120188,1.5219494195318675,0.01575,0.00030079149976441146,0.0,0.0
EJOR-COMPUTATIONAL-PROTOCOL,"30,60,120",section_5_3_algorithm_comparison,I_equals_J_coupled_50_25_25_no_blocks,compact_physical_precedence_lazy_interstage_waiting,distribution_buffer_fixed_shortfall,0.5,0.6,coupled_50_25_25,20,20,100,15,20,15,50,27.4,40.56666666666666,32.06666666666667,0,12065,12066,4,120,0.01,0,0,pathwise_repair,5.0,8,CBBD,STATUS_11,1,0,16.249771889759813,16.249771889759813,PASS,0.0,0.0,0.0,0.0010008811950683594,1,1,0.32499543779519624,0.5822414926629733,15.66753039709684,0.9641692513216209,113.10455775260925,4.124075412750244,108.98048233985901,3.024623394012451,"[[4.166074275970459,25.031459554802122],[58.85402488708496,23.669707138465924]]",16.249771889759813,0.5822414926629733,0.9641692513216209,16.249771889759813,0.5822414926629733,0.9641692513216209,16.249771889759813,0.5822414926629733,0.9641692513216209,0.0,11,2,1324,9500,35,100,540,640,6,4,2048,2048,10,2,2,2,23.669707138631622,0.0,0,0,nan,3.024623394012451,16.249771889759813,2675,31,29,1,23.669707138465924,43380,43227,10000,1000,0.3869501608701245,1.5682711391291675,0.01974,0.00942846112153362,0.0,0.0
EJOR-COMPUTATIONAL-PROTOCOL,"30,60,120",section_5_3_algorithm_comparison,I_equals_J_coupled_50_25_25_no_blocks,compact_patient_completion_with_cross_stage_precedence,distribution_buffer_fixed_shortfall,0.5,0.6,coupled_50_25_25,20,20,100,15,20,15,50,27.4,40.56666666666666,32.06666666666667,0,12065,12066,4,120,0.01,0,0,complete_natural,0.0,0,DE-MILP,STATUS_9,1,0,23.53503854820086,23.535038548207325,PASS,6.465938895416912e-12,2.747367029874453e-13,7.105427357601002e-15,0.0009989738464355469,1,1,0.4707007709641465,0.582241492663286,22.952797055537573,0.9752606526872336,115.49571466445923,2.71086049079895,112.78485417366028,2.75087571144104,"[[2.75087571144104,25.031459554802122],[37.142256021499634,24.343449416379116],[78.60891222953796,23.57557740692272],[103.21021699905396,23.535038548200788]]",24.343449416379116,0.5822414926618649,0.9760822107539898,24.343449416379116,0.582241492663286,0.9760822107539314,23.53503854820086,0.582241492663286,0.9752606526872336,0.0,0,0,0,0,0,0,0,0,0,0,0,0,0,0,0,0,nan,0.0,0,0,nan,0.0,nan,0,0,0,0,nan,49380,29692,232500,1000,0.46186609464486866,1.7776540198223936,0.02812,0.0002627286175490736,0.0,0.0
EJOR-COMPUTATIONAL-PROTOCOL,"30,60,120",section_5_3_algorithm_comparison,I_equals_J_coupled_50_25_25_no_blocks,compact_physical_precedence_lazy_interstage_waiting,distribution_buffer_fixed_shortfall,0.5,0.6,coupled_50_25_25,20,20,100,15,20,15,50,27.4,40.56666666666666,32.06666666666667,0,12065,12066,4,120,0.01,0,0,pathwise_repair,5.0,8,LBBD,STATUS_11,1,0,16.249771889759813,16.249771889759813,PASS,0.0,0.0,0.0,0.0010004043579101562,1,1,0.32499543779519624,0.5822414926629733,15.66753039709684,0.9641692513216209,120.08028078079224,4.097389459609985,115.98289132118225,3.0473625659942627,"[[4.13238787651062,25.031459554802122],[58.63972520828247,23.669707138483204]]",16.249771889759813,0.5822414926629733,0.9641692513216209,16.249771889759813,0.5822414926629733,0.9641692513216209,16.249771889759813,0.5822414926629733,0.9641692513216209,0.0,10,2,1382,9500,35,0,900,900,9,0,2048,2048,0,2,2,2,23.6697071386358,0.0,0,0,nan,3.0473625659942627,16.249771889759813,2675,31,29,1,23.669707138483204,43380,43227,10000,1000,0.3869501608701245,1.5682711391291675,0.01974,0.00942846112153362,0.0,0.0
EJOR-COMPUTATIONAL-PROTOCOL,"30,60,120",section_5_3_algorithm_comparison,I_equals_J_coupled_50_25_25_no_blocks,compact_physical_precedence_lazy_interstage_waiting,distribution_buffer_fixed_shortfall,0.5,0.6,coupled_50_25_25,20,20,100,15,20,15,50,27.4,40.56666666666666,32.06666666666667,1,12165,12166,4,120,0.01,0,0,pathwise_repair,5.0,8,CBBD,STATUS_9,1,0,15.29662761594085,15.296627615940793,PASS,5.684341886080802e-14,3.716075221807114e-15,0.0,0.002000093460083008,1,1,0.30593255231881583,0.578619648715943,14.718007967224906,0.9621733846672874,120.0650987625122,4.181059837341309,115.8840389251709,3.080336570739746,"[[4.21701717376709,25.208466772767473],[92.68772554397583,23.83277855532799]]",15.29662761594085,0.578619648715943,0.9621733846672874,15.29662761594085,0.578619648715943,0.9621733846672874,15.29662761594085,0.578619648715943,0.9621733846672874,0.0,6,2,6102,9500,35,60,360,420,4,2,2048,4096,10,2,2,2,23.832778555331174,0.0,0,0,nan,3.080336570739746,15.29662761594085,2677,32,36,1,23.83277855532799,43380,43227,10000,1000,0.36593034919303463,1.5883718069554598,0.01846,0.02392652490445498,0.1484912799551864,0.0
EJOR-COMPUTATIONAL-PROTOCOL,"30,60,120",section_5_3_algorithm_comparison,I_equals_J_coupled_50_25_25_no_blocks,compact_patient_completion_with_cross_stage_precedence,distribution_buffer_fixed_shortfall,0.5,0.6,coupled_50_25_25,20,20,100,15,20,15,50,27.4,40.56666666666666,32.06666666666667,1,12165,12166,4,120,0.01,0,0,complete_natural,0.0,0,DE-MILP,STATUS_9,1,0,24.250707933831627,24.250707935897026,PASS,2.0653985188801016e-09,8.516858659712785e-11,1.7763568394002505e-14,0.0009999275207519531,1,1,0.4850141587179405,0.578619648715744,23.672088285115883,0.9761400924750521,115.12029242515564,2.715167284011841,112.4051251411438,2.75516676902771,"[[2.75516676902771,25.208466772767473],[52.49396324157715,24.730240542101626],[101.88957595825195,24.250707933831563]]",24.730240542101626,0.5786196487156872,0.9766027488600192,24.730240542101626,0.5786196487156872,0.9766027488600192,24.250707933831627,0.578619648715744,0.9761400924750521,0.0,0,0,0,0,0,0,0,0,0,0,0,0,0,0,0,0,nan,0.0,0,0,nan,0.0,nan,0,0,0,0,nan,49380,29692,232500,1000,0.46705366612945,1.7600839409267357,0.02734,0.002182854291031282,0.0,0.0
EJOR-COMPUTATIONAL-PROTOCOL,"30,60,120",section_5_3_algorithm_comparison,I_equals_J_coupled_50_25_25_no_blocks,compact_physical_precedence_lazy_interstage_waiting,distribution_buffer_fixed_shortfall,0.5,0.6,coupled_50_25_25,20,20,100,15,20,15,50,27.4,40.56666666666666,32.06666666666667,1,12165,12166,4,120,0.01,0,0,pathwise_repair,5.0,8,LBBD,STATUS_9,1,0,15.29662761594085,15.296627615940793,PASS,5.684341886080802e-14,3.716075221807114e-15,0.0,0.0010004043579101562,1,1,0.30593255231881583,0.578619648715943,14.718007967224906,0.9621733846672874,120.05523777008057,4.114600658416748,115.94063711166382,3.0572938919067383,"[[4.150601625442505,25.208466772767473],[90.13431334495544,23.83277855532799]]",15.29662761594085,0.578619648715943,0.9621733846672874,15.29662761594085,0.578619648715943,0.9621733846672874,15.29662761594085,0.578619648715943,0.9621733846672874,0.0,5,2,8832,9500,35,0,500,500,5,0,2048,4096,0,2,2,2,23.832778555331174,0.0,0,0,nan,3.0572938919067383,15.29662761594085,2677,32,36,1,23.83277855532799,43380,43227,10000,1000,0.36593034919303463,1.5883718069554598,0.01846,0.02392652490445498,0.1484912799551864,0.0
EJOR-COMPUTATIONAL-PROTOCOL,"30,60,120",section_5_3_algorithm_comparison,I_equals_J_coupled_50_25_25_no_blocks,compact_physical_precedence_lazy_interstage_waiting,distribution_buffer_fixed_shortfall,0.5,0.6,coupled_50_25_25,20,20,100,15,20,15,50,27.4,40.56666666666666,32.06666666666667,2,12265,12266,4,120,0.01,0,0,pathwise_repair,5.0,8,CBBD,STATUS_11,1,0,16.548181101628643,16.548181101628643,PASS,0.0,0.0,0.0,0.0019996166229248047,1,1,0.33096362203257285,0.5887501039457277,15.959430997682915,0.9644220654626638,120.0827407836914,4.116791725158691,115.96594905853271,3.037604808807373,"[[4.151837348937988,26.488216318341095],[92.519278049469,25.46507094320313]]",16.548181101628643,0.5887501039457277,0.9644220654626638,16.548181101628643,0.5887501039457277,0.9644220654626638,16.548181101628643,0.5887501039457277,0.9644220654626638,0.0,11,2,2806,9500,35,100,540,640,6,4,2048,2048,10,2,2,2,25.465070943247184,0.0,0,0,nan,3.037604808807373,16.548181101628643,2677,32,27,1,25.46507094320313,43380,43227,10000,1000,0.40867907859795655,1.706755729529177,0.0256,0.010621852766627369,0.0,0.0
EJOR-COMPUTATIONAL-PROTOCOL,"30,60,120",section_5_3_algorithm_comparison,I_equals_J_coupled_50_25_25_no_blocks,compact_patient_completion_with_cross_stage_precedence,distribution_buffer_fixed_shortfall,0.5,0.6,coupled_50_25_25,20,20,100,15,20,15,50,27.4,40.56666666666666,32.06666666666667,2,12265,12266,4,120,0.01,0,0,complete_natural,0.0,0,DE-MILP,STATUS_9,1,0,25.083527653711396,25.083527653886932,PASS,1.7553603015585395e-10,6.998059945075268e-12,7.105427357601002e-15,0.002000093460083008,1,1,0.5016705530777387,0.588750103946353,24.494777549765043,0.9765284168927794,115.11497020721436,2.763392925262451,112.3515772819519,2.805394172668457,"[[2.805394172668457,26.488216318341095],[29.14509153366089,25.965972833549102],[111.46838998794556,25.083527653711343]]",25.965972833549102,0.588750103946353,0.9773260910453675,25.965972833549102,0.588750103946353,0.9773260910453675,25.083527653711396,0.588750103946353,0.9765284168927794,0.0,0,0,0,0,0,0,0,0,0,0,0,0,0,0,0,0,nan,0.0,0,0,nan,0.0,nan,0,0,0,0,nan,49380,29692,232500,1000,0.4652265638141924,1.7470101115531749,0.02758,0.00036962001609002723,0.0,0.0
EJOR-COMPUTATIONAL-PROTOCOL,"30,60,120",section_5_3_algorithm_comparison,I_equals_J_coupled_50_25_25_no_blocks,compact_physical_precedence_lazy_interstage_waiting,distribution_buffer_fixed_shortfall,0.5,0.6,coupled_50_25_25,20,20,100,15,20,15,50,27.4,40.56666666666666,32.06666666666667,2,12265,12266,4,120,0.01,0,0,pathwise_repair,5.0,8,LBBD,STATUS_11,1,0,16.548181101628643,16.548181101628643,PASS,0.0,0.0,0.0,0.0010001659393310547,1,1,0.33096362203257285,0.5887501039457277,15.959430997682915,0.9644220654626638,120.07007956504822,4.094700813293457,115.97537875175476,3.03354811668396,"[[4.130699396133423,26.488216318341095],[92.52759289741516,25.465070943203102]]",16.548181101628643,0.5887501039457277,0.9644220654626638,16.548181101628643,0.5887501039457277,0.9644220654626638,16.548181101628643,0.5887501039457277,0.9644220654626638,0.0,8,2,5164,9500,35,0,700,700,7,0,2048,2048,0,2,2,2,25.465070943255313,0.0,0,0,nan,3.03354811668396,16.548181101628643,2677,32,27,1,25.465070943203102,43380,43227,10000,1000,0.40867907859795655,1.706755729529177,0.0256,0.010621852766627369,0.0,0.0
EJOR-COMPUTATIONAL-PROTOCOL,"30,60,120",section_5_3_algorithm_comparison,I_equals_J_coupled_50_25_25_no_blocks,compact_physical_precedence_lazy_interstage_waiting,distribution_buffer_fixed_shortfall,0.5,0.6,coupled_50_25_25,20,20,100,15,20,15,50,27.4,40.56666666666666,32.06666666666667,3,12365,12366,4,120,0.01,0,0,pathwise_repair,5.0,8,CBBD,STATUS_11,1,0,16.55614313321786,16.55614313321786,PASS,0.0,0.0,0.0,0.0009996891021728516,1,1,0.3311228626643572,0.5879595728533502,15.968183560364508,0.9644869237888092,115.79110503196716,4.0640058517456055,111.72709918022156,2.984349489212036,"[[4.100313901901245,24.68552672176052],[56.64749002456665,23.58835973510307]]",16.55614313321786,0.5879595728533502,0.9644869237888092,16.55614313321786,0.5879595728533502,0.9644869237888092,16.55614313321786,0.5879595728533502,0.9644869237888092,0.0,11,2,1100,9500,35,100,630,730,7,3,2048,2048,10,2,2,2,23.588359735208456,0.0,0,0,nan,2.984349489212036,16.55614313321786,2610,30,20,1,23.58835973510307,43380,43227,10000,1000,0.4013683052532016,1.6253516425978778,0.02322,0.01569625017499239,0.0,0.0
EJOR-COMPUTATIONAL-PROTOCOL,"30,60,120",section_5_3_algorithm_comparison,I_equals_J_coupled_50_25_25_no_blocks,compact_patient_completion_with_cross_stage_precedence,distribution_buffer_fixed_shortfall,0.5,0.6,coupled_50_25_25,20,20,100,15,20,15,50,27.4,40.56666666666666,32.06666666666667,3,12365,12366,4,120,0.01,0,0,complete_natural,0.0,0,DE-MILP,STATUS_9,1,0,24.68552672176052,24.685526721760397,PASS,1.2434497875801753e-13,5.0371612548338664e-15,7.105427357601002e-15,0.0010001659393310547,1,1,0.49371053443520796,0.5879595728534355,24.097567148907086,0.976182012258416,116.26105642318726,2.705035448074341,113.55602097511292,2.7444989681243896,"[[2.7444989681243896,24.68552672176052]]",24.68552672176052,0.5879595728533218,0.9761820122584206,24.68552672176052,0.5879595728533218,0.9761820122584206,24.68552672176052,0.5879595728534355,0.976182012258416,0.0,0,0,0,0,0,0,0,0,0,0,0,0,0,0,0,0,nan,0.0,0,0,nan,0.0,nan,0,0,0,0,nan,49380,29692,232500,1000,0.4962730138789166,1.770944958418371,0.02788,0.0,0.0,0.0
EJOR-COMPUTATIONAL-PROTOCOL,"30,60,120",section_5_3_algorithm_comparison,I_equals_J_coupled_50_25_25_no_blocks,compact_physical_precedence_lazy_interstage_waiting,distribution_buffer_fixed_shortfall,0.5,0.6,coupled_50_25_25,20,20,100,15,20,15,50,27.4,40.56666666666666,32.06666666666667,3,12365,12366,4,120,0.01,0,0,pathwise_repair,5.0,8,LBBD,STATUS_11,1,0,16.55614313321786,16.55614313321786,PASS,0.0,0.0,0.0,0.002048492431640625,1,1,0.3311228626643572,0.5879595728533502,15.968183560364508,0.9644869237888092,120.06609535217285,4.037881851196289,116.02821350097656,2.9888930320739746,"[[4.07452917098999,24.68552672176052],[56.238332986831665,23.58835973510307]]",16.55614313321786,0.5879595728533502,0.9644869237888092,16.55614313321786,0.5879595728533502,0.9644869237888092,16.55614313321786,0.5879595728533502,0.9644869237888092,0.0,9,2,5204,9500,35,0,800,800,8,0,2048,4096,0,2,2,2,23.588359735208343,0.0,0,0,nan,2.9888930320739746,16.55614313321786,2610,30,20,1,23.58835973510307,43380,43227,10000,1000,0.4013683052532016,1.6253516425978778,0.02322,0.01569625017499239,0.0,0.0
EJOR-COMPUTATIONAL-PROTOCOL,"30,60,120",section_5_3_algorithm_comparison,I_equals_J_coupled_50_25_25_no_blocks,compact_physical_precedence_lazy_interstage_waiting,distribution_buffer_fixed_shortfall,0.5,0.6,coupled_50_25_25,20,20,100,15,20,15,50,27.4,40.56666666666666,32.06666666666667,4,12465,12466,4,120,0.01,0,0,pathwise_repair,5.0,8,CBBD,STATUS_9,1,0,16.200129109855027,16.200129109855027,PASS,0.0,0.0,0.0,0.002000093460083008,1,1,0.32400258219710054,0.5812323653347278,15.618896744520299,0.9641217448704685,120.08413076400757,4.11727237701416,115.96685838699341,3.028334140777588,"[[4.152270793914795,23.626524850864104],[64.00534701347351,22.15066353338048],[101.8008131980896,21.828619327304636]]",16.200129109855027,0.5812323653347278,0.9641217448704685,16.200129109855027,0.5812323653347278,0.9641217448704685,16.200129109855027,0.5812323653347278,0.9641217448704685,0.0,6,3,4680,9500,35,60,360,420,4,2,2048,2048,10,3,3,3,21.828619327310236,0.0,0,0,nan,3.028334140777588,16.200129109855027,2675,32,27,1,21.828619327304636,43380,43227,10000,1000,0.38925724799623024,1.6355328197723948,0.02178,0.007701661209433922,0.0,0.0
EJOR-COMPUTATIONAL-PROTOCOL,"30,60,120",section_5_3_algorithm_comparison,I_equals_J_coupled_50_25_25_no_blocks,compact_patient_completion_with_cross_stage_precedence,distribution_buffer_fixed_shortfall,0.5,0.6,coupled_50_25_25,20,20,100,15,20,15,50,27.4,40.56666666666666,32.06666666666667,4,12465,12466,4,120,0.01,0,0,complete_natural,0.0,0,DE-MILP,STATUS_9,1,0,21.964803545958045,21.964803545952975,PASS,5.069722419648315e-12,2.3081118886594427e-13,7.105427357601002e-15,0.0009999275207519531,1,1,0.4392960709190595,0.5812323653347846,21.38357118062326,0.9735380121147615,115.23084807395935,2.7453742027282715,112.48547387123108,2.7865662574768066,"[[2.7865662574768066,23.626524850864104],[52.66709232330322,23.01273127365843],[97.99049925804138,21.964803545957977]]",23.01273127365843,0.5812323653346994,0.9747430081886886,23.01273127365843,0.5812323653346994,0.9747430081886886,21.964803545958045,0.5812323653347846,0.9735380121147615,0.0,0,0,0,0,0,0,0,0,0,0,0,0,0,0,0,0,nan,0.0,0,0,nan,0.0,nan,0,0,0,0,nan,49380,29692,232500,1000,0.4642966931182864,1.8025240750852625,0.0299,0.0,0.0,0.0
EJOR-COMPUTATIONAL-PROTOCOL,"30,60,120",section_5_3_algorithm_comparison,I_equals_J_coupled_50_25_25_no_blocks,compact_physical_precedence_lazy_interstage_waiting,distribution_buffer_fixed_shortfall,0.5,0.6,coupled_50_25_25,20,20,100,15,20,15,50,27.4,40.56666666666666,32.06666666666667,4,12465,12466,4,120,0.01,0,0,pathwise_repair,5.0,8,LBBD,STATUS_11,1,0,16.200129109855027,16.200129109855027,PASS,0.0,0.0,0.0,0.0009996891021728516,1,1,0.32400258219710054,0.5812323653347278,15.618896744520299,0.9641217448704685,120.08271861076355,4.111039161682129,115.97167944908142,3.063580274581909,"[[4.14899754524231,23.626524850864104],[60.61082649230957,22.15066353338048]]",16.200129109855027,0.5812323653347278,0.9641217448704685,16.200129109855027,0.5812323653347278,0.9641217448704685,16.200129109855027,0.5812323653347278,0.9641217448704685,0.0,5,2,7200,9500,35,0,400,400,4,0,2048,4096,0,2,2,2,22.15066353352063,0.0,0,0,nan,3.063580274581909,16.200129109855027,2675,32,27,1,22.15066353338048,43380,43227,10000,1000,0.38925724799623024,1.6355328197723948,0.02178,0.007701661209433922,0.0,0.0
EJOR-COMPUTATIONAL-PROTOCOL,"30,60,120",section_5_3_algorithm_comparison,I_equals_J_coupled_50_25_25_no_blocks,compact_physical_precedence_lazy_interstage_waiting,distribution_buffer_fixed_shortfall,0.5,0.6,coupled_50_25_25,20,20,100,15,20,15,50,27.4,40.56666666666666,32.06666666666667,5,12565,12566,4,120,0.01,0,0,pathwise_repair,5.0,8,CBBD,STATUS_9,1,0,16.331777803701982,16.331777803701982,PASS,0.0,0.0,0.0,0.0009975433349609375,1,1,0.32663555607403966,0.5861122649711774,15.745665538730805,0.9641121577812355,120.06865954399109,4.841634273529053,115.22702527046204,3.6018900871276855,"[[4.880171060562134,25.14048473446895]]",16.331777803701982,0.5861122649711774,0.9641121577812355,16.331777803701982,0.5861122649711774,0.9641121577812355,16.331777803701982,0.5861122649711774,0.9641121577812355,0.0,7,1,1638,9500,35,70,270,340,3,4,2048,2048,10,1,1,1,25.140484734468913,0.0,0,0,nan,3.6018900871276855,16.331777803701982,2675,32,19,1,25.14048473446895,43380,43227,10000,1000,0.39943947860734885,1.5851308728471403,0.02158,0.0170469539710228,0.0,0.0
EJOR-COMPUTATIONAL-PROTOCOL,"30,60,120",section_5_3_algorithm_comparison,I_equals_J_coupled_50_25_25_no_blocks,compact_patient_completion_with_cross_stage_precedence,distribution_buffer_fixed_shortfall,0.5,0.6,coupled_50_25_25,20,20,100,15,20,15,50,27.4,40.56666666666666,32.06666666666667,5,12565,12566,4,120,0.01,0,0,complete_natural,0.0,0,DE-MILP,STATUS_9,1,0,23.553500658263502,23.553500658267495,PASS,3.993250174971763e-12,1.695395615670444e-13,7.105427357601002e-15,0.001998424530029297,1,1,0.4710700131653499,0.5861122649713479,22.967388393292154,0.9751157047321661,115.09778714179993,2.737600088119507,112.36018705368042,2.777597665786743,"[[2.777597665786743,25.14048473446895],[30.15436816215515,24.777559824310885],[78.46969723701477,23.657622515065555],[101.05802607536316,23.553500658263403]]",24.777559824310885,0.5861122649711774,0.9763450368346561,24.777559824310885,0.5861122649713479,0.9763450368346492,23.553500658263502,0.5861122649713479,0.9751157047321661,0.0,0,0,0,0,0,0,0,0,0,0,0,0,0,0,0,0,nan,0.0,0,0,nan,0.0,nan,0,0,0,0,nan,49380,29692,232500,1000,0.4547456514506964,1.7294272894519627,0.02658,0.0007883357038921598,0.0,0.0
EJOR-COMPUTATIONAL-PROTOCOL,"30,60,120",section_5_3_algorithm_comparison,I_equals_J_coupled_50_25_25_no_blocks,compact_physical_precedence_lazy_interstage_waiting,distribution_buffer_fixed_shortfall,0.5,0.6,coupled_50_25_25,20,20,100,15,20,15,50,27.4,40.56666666666666,32.06666666666667,5,12565,12566,4,120,0.01,0,0,pathwise_repair,5.0,8,LBBD,STATUS_11,1,0,16.331777803701982,16.331777803701982,PASS,0.0,0.0,0.0,0.002505064010620117,1,1,0.32663555607403966,0.5861122649711774,15.745665538730805,0.9641121577812355,120.07998561859131,4.111384391784668,115.96860122680664,3.0372228622436523,"[[4.146383047103882,25.14048473446895]]",16.331777803701982,0.5861122649711774,0.9641121577812355,16.331777803701982,0.5861122649711774,0.9641121577812355,16.331777803701982,0.5861122649711774,0.9641121577812355,0.0,4,1,1632,9500,35,0,300,300,3,0,2048,2048,0,1,1,1,25.140484734468913,0.0,0,0,nan,3.0372228622436523,16.331777803701982,2675,32,19,1,25.14048473446895,43380,43227,10000,1000,0.39943947860734885,1.5851308728471403,0.02158,0.0170469539710228,0.0,0.0
EJOR-COMPUTATIONAL-PROTOCOL,"30,60,120",section_5_3_algorithm_comparison,I_equals_J_coupled_50_25_25_no_blocks,compact_physical_precedence_lazy_interstage_waiting,distribution_buffer_fixed_shortfall,0.5,0.6,coupled_50_25_25,20,20,100,15,20,15,50,27.4,40.56666666666666,32.06666666666667,6,12665,12666,4,120,0.01,0,0,pathwise_repair,5.0,8,CBBD,STATUS_9,1,0,16.63493310098295,16.63493310098295,PASS,0.0,0.0,0.0,0.0020029544830322266,1,1,0.332698662019659,0.5762884177151761,16.058644683267772,0.9653567336750442,120.10863637924194,4.8512678146362305,115.25736856460571,3.630594491958618,"[[4.894121170043945,25.810807812639535]]",16.63493310098295,0.5762884177151761,0.9653567336750442,16.63493310098295,0.5762884177151761,0.9653567336750442,16.63493310098295,0.5762884177151761,0.9653567336750442,0.0,1,1,0,9500,35,10,90,100,1,0,2048,2048,10,1,1,1,25.81080781263961,0.0,0,0,nan,3.630594491958618,16.63493310098295,2674,32,23,1,25.810807812639535,43380,43227,10000,1000,0.3943059902101061,1.5992656293241554,0.02172,0.016349757763309814,0.03642110150562558,0.0
EJOR-COMPUTATIONAL-PROTOCOL,"30,60,120",section_5_3_algorithm_comparison,I_equals_J_coupled_50_25_25_no_blocks,compact_patient_completion_with_cross_stage_precedence,distribution_buffer_fixed_shortfall,0.5,0.6,coupled_50_25_25,20,20,100,15,20,15,50,27.4,40.56666666666666,32.06666666666667,6,12665,12666,4,120,0.01,0,0,complete_natural,0.0,0,DE-MILP,STATUS_9,1,0,24.138978955346865,24.138978955369225,PASS,2.2360779894370353e-11,9.26334951271692e-13,7.105427357601002e-15,0.0009992122650146484,1,1,0.4827795791073845,0.5762884177152614,23.562690537631603,0.9761262305758127,117.22363591194153,3.1570053100585938,114.06663060188293,3.202183485031128,"[[3.202183485031128,25.810807812639535],[95.09167313575745,24.138978955346772]]",25.810807812639535,0.5762884177150909,0.9776725927410578,25.810807812639535,0.5762884177150909,0.9776725927410578,24.138978955346865,0.5762884177152614,0.9761262305758127,0.0,0,0,0,0,0,0,0,0,0,0,0,0,0,0,0,0,nan,0.0,0,0,nan,0.0,nan,0,0,0,0,nan,49380,29692,232500,1000,0.45919389775373765,1.746325616701976,0.02784,0.0,0.0,0.0
EJOR-COMPUTATIONAL-PROTOCOL,"30,60,120",section_5_3_algorithm_comparison,I_equals_J_coupled_50_25_25_no_blocks,compact_physical_precedence_lazy_interstage_waiting,distribution_buffer_fixed_shortfall,0.5,0.6,coupled_50_25_25,20,20,100,15,20,15,50,27.4,40.56666666666666,32.06666666666667,6,12665,12666,4,120,0.01,0,0,pathwise_repair,5.0,8,LBBD,STATUS_9,1,0,16.63493310098295,16.63493310098295,PASS,0.0,0.0,0.0,0.0015044212341308594,1,1,0.332698662019659,0.5762884177151761,16.058644683267772,0.9653567336750442,120.06250047683716,4.772458791732788,115.29004168510437,3.560063600540161,"[[4.80956768989563,25.810807812639535]]",16.63493310098295,0.5762884177151761,0.9653567336750442,16.63493310098295,0.5762884177151761,0.9653567336750442,16.63493310098295,0.5762884177151761,0.9653567336750442,0.0,1,1,0,9500,35,0,100,100,1,0,2048,2048,0,1,1,1,25.81080781263961,0.0,0,0,nan,3.560063600540161,16.63493310098295,2674,32,23,1,25.810807812639535,43380,43227,10000,1000,0.3943059902101061,1.5992656293241554,0.02172,0.016349757763309814,0.03642110150562558,0.0
EJOR-COMPUTATIONAL-PROTOCOL,"30,60,120",section_5_3_algorithm_comparison,I_equals_J_coupled_50_25_25_no_blocks,compact_physical_precedence_lazy_interstage_waiting,distribution_buffer_fixed_shortfall,0.5,0.6,coupled_50_25_25,20,20,100,15,20,15,50,27.4,40.56666666666666,32.06666666666667,7,12765,12766,4,120,0.01,0,0,pathwise_repair,5.0,8,CBBD,STATUS_11,1,0,16.038334044211865,16.038334044211865,PASS,0.0,0.0,0.0,0.0020055770874023438,1,1,0.3207666808842373,0.5865913467912662,15.451742697420599,0.9634256684532042,120.04538011550903,4.668641805648804,115.37673830986023,3.4480621814727783,"[[4.709607124328613,25.50726525793979],[73.38007545471191,24.368430248005524]]",16.038334044211865,0.5865913467912662,0.9634256684532042,16.038334044211865,0.5865913467912662,0.9634256684532042,16.038334044211865,0.5865913467912662,0.9634256684532042,0.0,5,2,4000,9500,35,40,270,310,3,1,2048,2048,10,2,2,2,24.36843024822602,0.0,0,0,nan,3.4480621814727783,16.038334044211865,2606,29,20,1,24.368430248005524,43380,43227,10000,1000,0.40554864673567537,1.6369213638238194,0.02392,0.015036048740129196,0.0,0.0
EJOR-COMPUTATIONAL-PROTOCOL,"30,60,120",section_5_3_algorithm_comparison,I_equals_J_coupled_50_25_25_no_blocks,compact_patient_completion_with_cross_stage_precedence,distribution_buffer_fixed_shortfall,0.5,0.6,coupled_50_25_25,20,20,100,15,20,15,50,27.4,40.56666666666666,32.06666666666667,7,12765,12766,4,120,0.01,0,0,complete_natural,0.0,0,DE-MILP,STATUS_9,1,0,25.50726525793979,25.50726525793968,PASS,1.1013412404281553e-13,4.317755076018349e-15,7.105427357601002e-15,0.0010042190551757812,1,0,0.5101453051587935,0.5865913467902715,24.920673911149517,0.9770029699045185,158.0562439441681,3.117133855819702,154.9391100883484,3.159792184829712,"[[3.159792184829712,25.50726525793979]]",25.50726525793979,0.5865913467902715,0.9770029699045185,25.50726525793979,0.5865913467902715,0.9770029699045185,25.50726525793979,0.5865913467902715,0.9770029699045185,0.0,0,0,0,0,0,0,0,0,0,0,0,0,0,0,0,0,nan,0.0,0,0,nan,0.0,nan,0,0,0,0,nan,49380,29692,232500,1000,0.5000211078269563,1.8129104931755242,0.0306,5.861948756196019e-07,0.0,0.0
EJOR-COMPUTATIONAL-PROTOCOL,"30,60,120",section_5_3_algorithm_comparison,I_equals_J_coupled_50_25_25_no_blocks,compact_physical_precedence_lazy_interstage_waiting,distribution_buffer_fixed_shortfall,0.5,0.6,coupled_50_25_25,20,20,100,15,20,15,50,27.4,40.56666666666666,32.06666666666667,7,12765,12766,4,120,0.01,0,0,pathwise_repair,5.0,8,LBBD,STATUS_11,1,0,16.038334044211865,16.038334044211865,PASS,0.0,0.0,0.0,0.001997709274291992,1,1,0.3207666808842373,0.5865913467912662,15.451742697420599,0.9634256684532042,110.99737858772278,4.64845871925354,106.34891986846924,3.4690279960632324,"[[4.684990644454956,25.50726525793979],[67.91769409179688,24.368430248005126]]",16.038334044211865,0.5865913467912662,0.9634256684532042,16.038334044211865,0.5865913467912662,0.9634256684532042,16.038334044211865,0.5865913467912662,0.9634256684532042,0.0,4,2,4000,9500,35,0,300,300,3,0,2048,2048,0,2,2,2,24.36843024822548,0.0,0,0,nan,3.4690279960632324,16.038334044211865,2606,29,20,1,24.368430248005126,43380,43227,10000,1000,0.40554864673567537,1.6369213638238194,0.02392,0.015036048740129196,0.0,0.0
EJOR-COMPUTATIONAL-PROTOCOL,"30,60,120",section_5_3_algorithm_comparison,I_equals_J_coupled_50_25_25_no_blocks,compact_physical_precedence_lazy_interstage_waiting,distribution_buffer_fixed_shortfall,0.5,0.6,coupled_50_25_25,20,20,100,15,20,15,50,27.4,40.56666666666666,32.06666666666667,8,12865,12866,4,120,0.01,0,0,pathwise_repair,5.0,8,CBBD,STATUS_11,1,0,16.996494855948526,16.996494855948526,PASS,0.0,0.0,0.0,0.001999378204345703,1,1,0.33992989711897054,0.581376034020451,16.415118821928075,0.9657943570749249,112.0937852859497,4.611997127532959,107.48079013824463,3.3866641521453857,"[[4.650536298751831,26.31723722043824]]",16.996494855948526,0.581376034020451,0.9657943570749249,16.996494855948526,0.581376034020451,0.9657943570749249,16.996494855948526,0.581376034020451,0.9657943570749249,0.0,1,1,0,9500,35,10,90,100,1,0,2048,2048,10,1,1,1,26.3172372204383,0.0,0,0,nan,3.3866641521453857,16.996494855948526,2539,29,22,1,26.31723722043824,43380,43227,10000,1000,0.41406855623997607,1.6186858244004096,0.02316,0.013627587934506448,0.0,0.0
EJOR-COMPUTATIONAL-PROTOCOL,"30,60,120",section_5_3_algorithm_comparison,I_equals_J_coupled_50_25_25_no_blocks,compact_patient_completion_with_cross_stage_precedence,distribution_buffer_fixed_shortfall,0.5,0.6,coupled_50_25_25,20,20,100,15,20,15,50,27.4,40.56666666666666,32.06666666666667,8,12865,12866,4,120,0.01,0,0,complete_natural,0.0,0,DE-MILP,STATUS_9,1,0,25.88010449435255,25.880104494676175,PASS,3.2362379442929523e-10,1.2504732911564104e-11,7.105427357601002e-15,0.0009996891021728516,1,1,0.5176020898935235,0.5813760340220142,25.298728460330537,0.9775357926337245,115.08680701255798,3.2471532821655273,111.83965373039246,3.293208360671997,"[[3.293208360671997,26.31723722043824],[75.28641510009766,25.88010449435245]]",25.88010449435245,0.5813760340220142,0.9775357926337244,25.88010449435245,0.5813760340220142,0.9775357926337244,25.88010449435255,0.5813760340220142,0.9775357926337245,0.0,0,0,0,0,0,0,0,0,0,0,0,0,0,0,0,0,nan,0.0,0,0,nan,0.0,nan,0,0,0,0,nan,49380,29692,232500,1000,0.48157029823892333,1.7710206685005592,0.02834,0.0016708601011814102,0.0,0.0
EJOR-COMPUTATIONAL-PROTOCOL,"30,60,120",section_5_3_algorithm_comparison,I_equals_J_coupled_50_25_25_no_blocks,compact_physical_precedence_lazy_interstage_waiting,distribution_buffer_fixed_shortfall,0.5,0.6,coupled_50_25_25,20,20,100,15,20,15,50,27.4,40.56666666666666,32.06666666666667,8,12865,12866,4,120,0.01,0,0,pathwise_repair,5.0,8,LBBD,STATUS_11,1,0,16.996494855948526,16.996494855948526,PASS,0.0,0.0,0.0,0.0010025501251220703,1,1,0.33992989711897054,0.581376034020451,16.415118821928075,0.9657943570749249,111.29628992080688,4.565104007720947,106.7301857471466,3.3811023235321045,"[[4.6072845458984375,26.31723722043824]]",16.996494855948526,0.581376034020451,0.9657943570749249,16.996494855948526,0.581376034020451,0.9657943570749249,16.996494855948526,0.581376034020451,0.9657943570749249,0.0,1,1,0,9500,35,0,100,100,1,0,2048,2048,0,1,1,1,26.3172372204383,0.0,0,0,nan,3.3811023235321045,16.996494855948526,2539,29,22,1,26.31723722043824,43380,43227,10000,1000,0.41406855623997607,1.6186858244004096,0.02316,0.013627587934506448,0.0,0.0
EJOR-COMPUTATIONAL-PROTOCOL,"30,60,120",section_5_3_algorithm_comparison,I_equals_J_coupled_50_25_25_no_blocks,compact_physical_precedence_lazy_interstage_waiting,distribution_buffer_fixed_shortfall,0.5,0.6,coupled_50_25_25,20,20,100,15,20,15,50,27.4,40.56666666666666,32.06666666666667,9,12965,12966,4,120,0.01,0,0,pathwise_repair,5.0,8,CBBD,STATUS_11,1,0,15.965165839141605,15.965165839141605,PASS,0.0,0.0,0.0,0.0009996891021728516,1,1,0.3193033167828321,0.5754735676125904,15.389692271529015,0.9639544259414012,120.06566953659058,4.865234136581421,115.20043540000916,3.622201442718506,"[[4.903320789337158,25.294850593649617]]",15.965165839141605,0.5754735676125904,0.9639544259414012,15.965165839141605,0.5754735676125904,0.9639544259414012,15.965165839141605,0.5754735676125904,0.9639544259414012,0.0,7,1,480,9500,35,60,90,150,1,5,2048,2048,10,1,1,1,25.29485059364964,0.0,0,0,nan,3.622201442718506,15.965165839141605,2671,32,24,1,25.294850593649617,43380,43227,10000,1000,0.39179869029380804,1.5985730460840046,0.02168,0.015885204118838193,0.033476341741608975,0.0
EJOR-COMPUTATIONAL-PROTOCOL,"30,60,120",section_5_3_algorithm_comparison,I_equals_J_coupled_50_25_25_no_blocks,compact_patient_completion_with_cross_stage_precedence,distribution_buffer_fixed_shortfall,0.5,0.6,coupled_50_25_25,20,20,100,15,20,15,50,27.4,40.56666666666666,32.06666666666667,9,12965,12966,4,120,0.01,0,0,complete_natural,0.0,0,DE-MILP,STATUS_9,1,0,25.294850593649617,25.29485059364947,PASS,1.4566126083082054e-13,5.758534144787172e-15,7.105427357601002e-15,0.0010352134704589844,1,1,0.5058970118729894,0.5754735676125051,24.71937702603711,0.9772493786637751,116.54293966293335,3.1854026317596436,113.3575370311737,3.229769468307495,"[[3.229769468307495,25.294850593649617]]",25.294850593649617,0.5754735676125051,0.9772493786637751,25.294850593649617,0.5754735676125051,0.9772493786637751,25.294850593649617,0.5754735676125051,0.9772493786637751,0.0,0,0,0,0,0,0,0,0,0,0,0,0,0,0,0,0,nan,0.0,0,0,nan,0.0,nan,0,0,0,0,nan,49380,29692,232500,1000,0.48544381997961,1.7385885509854198,0.02708,0.0,0.0,0.0
EJOR-COMPUTATIONAL-PROTOCOL,"30,60,120",section_5_3_algorithm_comparison,I_equals_J_coupled_50_25_25_no_blocks,compact_physical_precedence_lazy_interstage_waiting,distribution_buffer_fixed_shortfall,0.5,0.6,coupled_50_25_25,20,20,100,15,20,15,50,27.4,40.56666666666666,32.06666666666667,9,12965,12966,4,120,0.01,0,0,pathwise_repair,5.0,8,LBBD,STATUS_11,1,0,15.965165839141605,15.965165839141605,PASS,0.0,0.0,0.0,0.001003265380859375,1,1,0.3193033167828321,0.5754735676125904,15.389692271529015,0.9639544259414012,120.0582001209259,4.772688150405884,115.28551197052002,3.5683419704437256,"[[4.811043739318848,25.294850593649617]]",15.965165839141605,0.5754735676125904,0.9639544259414012,15.965165839141605,0.5754735676125904,0.9639544259414012,15.965165839141605,0.5754735676125904,0.9639544259414012,0.0,7,1,4528,9500,35,0,600,600,6,0,2048,2048,0,1,1,1,25.29485059364964,0.0,0,0,nan,3.5683419704437256,15.965165839141605,2671,32,24,1,25.294850593649617,43380,43227,10000,1000,0.39179869029380804,1.5985730460840046,0.02168,0.015885204118838193,0.033476341741608975,0.0
